ISO-10303-21;
HEADER;
/* Generated by software containing ST-Developer
 * from STEP Tools, Inc. (www.steptools.com) 
 */

FILE_DESCRIPTION(
/* description */ (''),
/* implementation_level */ '2;1');

FILE_NAME(
/* name */ 'Keypad.step',
/* time_stamp */ '2026-08-29T11:27:07-07:00',
/* author */ (''),
/* organization */ (''),
/* preprocessor_version */ 'ST-DEVELOPER v20.1',
/* originating_system */ 'Autodesk Translation Framework v15.8.0.0',
/* authorisation */ '');

FILE_SCHEMA (('AUTOMOTIVE_DESIGN { 1 0 10303 214 3 1 1 }'));
ENDSEC;

DATA;
#10=MECHANICAL_DESIGN_GEOMETRIC_PRESENTATION_REPRESENTATION('',(#31,#32,
#33),#2673);
#11=CONTEXT_DEPENDENT_OVER_RIDING_STYLED_ITEM('',(#2713),#2690,#33,(#18));
#12=CONTEXT_DEPENDENT_OVER_RIDING_STYLED_ITEM('',(#2714),#2691,#33,(#19));
#13=MAPPED_ITEM('',#14,#1763);
#14=REPRESENTATION_MAP(#1763,#2689);
#15=ITEM_DEFINED_TRANSFORMATION($,$,#1623,#1760);
#16=ITEM_DEFINED_TRANSFORMATION($,$,#1652,#1761);
#17=ITEM_DEFINED_TRANSFORMATION($,$,#1759,#1762);
#18=(
REPRESENTATION_RELATIONSHIP($,$,#2690,#2689)
REPRESENTATION_RELATIONSHIP_WITH_TRANSFORMATION(#15)
SHAPE_REPRESENTATION_RELATIONSHIP()
);
#19=(
REPRESENTATION_RELATIONSHIP($,$,#2691,#2689)
REPRESENTATION_RELATIONSHIP_WITH_TRANSFORMATION(#16)
SHAPE_REPRESENTATION_RELATIONSHIP()
);
#20=(
REPRESENTATION_RELATIONSHIP($,$,#2692,#2689)
REPRESENTATION_RELATIONSHIP_WITH_TRANSFORMATION(#17)
SHAPE_REPRESENTATION_RELATIONSHIP()
);
#21=CONTEXT_DEPENDENT_SHAPE_REPRESENTATION(#18,#2686);
#22=CONTEXT_DEPENDENT_SHAPE_REPRESENTATION(#19,#2687);
#23=CONTEXT_DEPENDENT_SHAPE_REPRESENTATION(#20,#2688);
#24=NEXT_ASSEMBLY_USAGE_OCCURRENCE('Keypad:1','Keypad:1','Keypad:1',#2694,
#2695,'Keypad:1');
#25=NEXT_ASSEMBLY_USAGE_OCCURRENCE('keypad_plate:1','keypad_plate:1',
'keypad_plate:1',#2694,#2696,'keypad_plate:1');
#26=NEXT_ASSEMBLY_USAGE_OCCURRENCE('External1:1','External1:1',
'External1:1',#2694,#2697,'External1:1');
#27=SHAPE_REPRESENTATION_RELATIONSHIP('SRR','None',#2690,#29);
#28=SHAPE_REPRESENTATION_RELATIONSHIP('SRR','None',#2691,#30);
#29=ADVANCED_BREP_SHAPE_REPRESENTATION('',(#34),#2670);
#30=ADVANCED_BREP_SHAPE_REPRESENTATION('',(#35),#2671);
#31=STYLED_ITEM('',(#2713),#34);
#32=STYLED_ITEM('',(#2714),#35);
#33=STYLED_ITEM('',(#2715),#13);
#34=MANIFOLD_SOLID_BREP('Body1',#1586);
#35=MANIFOLD_SOLID_BREP('Body2',#1587);
#36=FACE_BOUND('',#238,.T.);
#37=FACE_BOUND('',#241,.T.);
#38=FACE_BOUND('',#242,.T.);
#39=FACE_BOUND('',#243,.T.);
#40=FACE_BOUND('',#244,.T.);
#41=FACE_BOUND('',#245,.T.);
#42=FACE_BOUND('',#248,.T.);
#43=FACE_BOUND('',#249,.T.);
#44=FACE_BOUND('',#250,.T.);
#45=FACE_BOUND('',#251,.T.);
#46=FACE_BOUND('',#309,.T.);
#47=FACE_BOUND('',#310,.T.);
#48=FACE_BOUND('',#311,.T.);
#49=FACE_BOUND('',#312,.T.);
#50=FACE_BOUND('',#313,.T.);
#51=FACE_BOUND('',#314,.T.);
#52=FACE_BOUND('',#315,.T.);
#53=FACE_BOUND('',#317,.T.);
#54=FACE_BOUND('',#318,.T.);
#55=FACE_BOUND('',#319,.T.);
#56=FACE_BOUND('',#320,.T.);
#57=FACE_BOUND('',#321,.T.);
#58=FACE_BOUND('',#322,.T.);
#59=FACE_BOUND('',#323,.T.);
#60=CIRCLE('',#1634,1.45);
#61=CIRCLE('',#1635,1.45);
#62=CIRCLE('',#1637,1.45);
#63=CIRCLE('',#1638,1.45);
#64=CIRCLE('',#1640,1.45);
#65=CIRCLE('',#1641,1.45);
#66=CIRCLE('',#1643,1.45);
#67=CIRCLE('',#1644,1.45);
#68=CIRCLE('',#1658,0.5);
#69=CIRCLE('',#1659,0.5);
#70=CIRCLE('',#1662,0.5);
#71=CIRCLE('',#1663,0.5);
#72=CIRCLE('',#1666,0.5);
#73=CIRCLE('',#1667,0.5);
#74=CIRCLE('',#1670,0.5);
#75=CIRCLE('',#1671,0.5);
#76=CIRCLE('',#1674,0.499999999999998);
#77=CIRCLE('',#1675,0.499999999999998);
#78=CIRCLE('',#1678,0.5);
#79=CIRCLE('',#1679,0.5);
#80=CIRCLE('',#1682,0.499999999999998);
#81=CIRCLE('',#1683,0.499999999999998);
#82=CIRCLE('',#1686,0.5);
#83=CIRCLE('',#1687,0.5);
#84=CIRCLE('',#1690,0.499999999999998);
#85=CIRCLE('',#1691,0.499999999999998);
#86=CIRCLE('',#1694,0.499999999999998);
#87=CIRCLE('',#1695,0.499999999999998);
#88=CIRCLE('',#1698,0.499999999999998);
#89=CIRCLE('',#1699,0.499999999999998);
#90=CIRCLE('',#1702,0.499999999999998);
#91=CIRCLE('',#1703,0.499999999999998);
#92=CIRCLE('',#1706,0.499999999999998);
#93=CIRCLE('',#1707,0.499999999999998);
#94=CIRCLE('',#1710,0.499999999999998);
#95=CIRCLE('',#1711,0.499999999999998);
#96=CIRCLE('',#1714,0.499999999999998);
#97=CIRCLE('',#1715,0.499999999999998);
#98=CIRCLE('',#1718,0.499999999999998);
#99=CIRCLE('',#1719,0.499999999999998);
#100=CIRCLE('',#1722,0.499999999999998);
#101=CIRCLE('',#1723,0.499999999999998);
#102=CIRCLE('',#1726,0.499999999999998);
#103=CIRCLE('',#1727,0.499999999999998);
#104=CIRCLE('',#1730,0.499999999999998);
#105=CIRCLE('',#1731,0.499999999999998);
#106=CIRCLE('',#1734,0.499999999999998);
#107=CIRCLE('',#1735,0.499999999999998);
#108=CIRCLE('',#1739,0.5);
#109=CIRCLE('',#1740,0.5);
#110=CIRCLE('',#1743,0.499999999999998);
#111=CIRCLE('',#1744,0.499999999999998);
#112=CIRCLE('',#1747,0.5);
#113=CIRCLE('',#1748,0.5);
#114=CIRCLE('',#1751,0.499999999999998);
#115=CIRCLE('',#1752,0.499999999999998);
#116=CYLINDRICAL_SURFACE('',#1633,1.45);
#117=CYLINDRICAL_SURFACE('',#1636,1.45);
#118=CYLINDRICAL_SURFACE('',#1639,1.45);
#119=CYLINDRICAL_SURFACE('',#1642,1.45);
#120=CYLINDRICAL_SURFACE('',#1657,0.5);
#121=CYLINDRICAL_SURFACE('',#1661,0.5);
#122=CYLINDRICAL_SURFACE('',#1665,0.5);
#123=CYLINDRICAL_SURFACE('',#1669,0.5);
#124=CYLINDRICAL_SURFACE('',#1673,0.499999999999998);
#125=CYLINDRICAL_SURFACE('',#1677,0.5);
#126=CYLINDRICAL_SURFACE('',#1681,0.499999999999998);
#127=CYLINDRICAL_SURFACE('',#1685,0.5);
#128=CYLINDRICAL_SURFACE('',#1689,0.499999999999998);
#129=CYLINDRICAL_SURFACE('',#1693,0.499999999999998);
#130=CYLINDRICAL_SURFACE('',#1697,0.499999999999998);
#131=CYLINDRICAL_SURFACE('',#1701,0.499999999999998);
#132=CYLINDRICAL_SURFACE('',#1705,0.499999999999998);
#133=CYLINDRICAL_SURFACE('',#1709,0.499999999999998);
#134=CYLINDRICAL_SURFACE('',#1713,0.499999999999998);
#135=CYLINDRICAL_SURFACE('',#1717,0.499999999999998);
#136=CYLINDRICAL_SURFACE('',#1721,0.499999999999998);
#137=CYLINDRICAL_SURFACE('',#1725,0.499999999999998);
#138=CYLINDRICAL_SURFACE('',#1729,0.499999999999998);
#139=CYLINDRICAL_SURFACE('',#1733,0.499999999999998);
#140=CYLINDRICAL_SURFACE('',#1738,0.5);
#141=CYLINDRICAL_SURFACE('',#1742,0.499999999999998);
#142=CYLINDRICAL_SURFACE('',#1746,0.5);
#143=CYLINDRICAL_SURFACE('',#1750,0.499999999999998);
#144=FACE_OUTER_BOUND('',#222,.T.);
#145=FACE_OUTER_BOUND('',#223,.T.);
#146=FACE_OUTER_BOUND('',#224,.T.);
#147=FACE_OUTER_BOUND('',#225,.T.);
#148=FACE_OUTER_BOUND('',#226,.T.);
#149=FACE_OUTER_BOUND('',#227,.T.);
#150=FACE_OUTER_BOUND('',#228,.T.);
#151=FACE_OUTER_BOUND('',#229,.T.);
#152=FACE_OUTER_BOUND('',#230,.T.);
#153=FACE_OUTER_BOUND('',#231,.T.);
#154=FACE_OUTER_BOUND('',#232,.T.);
#155=FACE_OUTER_BOUND('',#233,.T.);
#156=FACE_OUTER_BOUND('',#234,.T.);
#157=FACE_OUTER_BOUND('',#235,.T.);
#158=FACE_OUTER_BOUND('',#236,.T.);
#159=FACE_OUTER_BOUND('',#237,.T.);
#160=FACE_OUTER_BOUND('',#239,.T.);
#161=FACE_OUTER_BOUND('',#240,.T.);
#162=FACE_OUTER_BOUND('',#246,.T.);
#163=FACE_OUTER_BOUND('',#247,.T.);
#164=FACE_OUTER_BOUND('',#252,.T.);
#165=FACE_OUTER_BOUND('',#253,.T.);
#166=FACE_OUTER_BOUND('',#254,.T.);
#167=FACE_OUTER_BOUND('',#255,.T.);
#168=FACE_OUTER_BOUND('',#256,.T.);
#169=FACE_OUTER_BOUND('',#257,.T.);
#170=FACE_OUTER_BOUND('',#258,.T.);
#171=FACE_OUTER_BOUND('',#259,.T.);
#172=FACE_OUTER_BOUND('',#260,.T.);
#173=FACE_OUTER_BOUND('',#261,.T.);
#174=FACE_OUTER_BOUND('',#262,.T.);
#175=FACE_OUTER_BOUND('',#263,.T.);
#176=FACE_OUTER_BOUND('',#264,.T.);
#177=FACE_OUTER_BOUND('',#265,.T.);
#178=FACE_OUTER_BOUND('',#266,.T.);
#179=FACE_OUTER_BOUND('',#267,.T.);
#180=FACE_OUTER_BOUND('',#268,.T.);
#181=FACE_OUTER_BOUND('',#269,.T.);
#182=FACE_OUTER_BOUND('',#270,.T.);
#183=FACE_OUTER_BOUND('',#271,.T.);
#184=FACE_OUTER_BOUND('',#272,.T.);
#185=FACE_OUTER_BOUND('',#273,.T.);
#186=FACE_OUTER_BOUND('',#274,.T.);
#187=FACE_OUTER_BOUND('',#275,.T.);
#188=FACE_OUTER_BOUND('',#276,.T.);
#189=FACE_OUTER_BOUND('',#277,.T.);
#190=FACE_OUTER_BOUND('',#278,.T.);
#191=FACE_OUTER_BOUND('',#279,.T.);
#192=FACE_OUTER_BOUND('',#280,.T.);
#193=FACE_OUTER_BOUND('',#281,.T.);
#194=FACE_OUTER_BOUND('',#282,.T.);
#195=FACE_OUTER_BOUND('',#283,.T.);
#196=FACE_OUTER_BOUND('',#284,.T.);
#197=FACE_OUTER_BOUND('',#285,.T.);
#198=FACE_OUTER_BOUND('',#286,.T.);
#199=FACE_OUTER_BOUND('',#287,.T.);
#200=FACE_OUTER_BOUND('',#288,.T.);
#201=FACE_OUTER_BOUND('',#289,.T.);
#202=FACE_OUTER_BOUND('',#290,.T.);
#203=FACE_OUTER_BOUND('',#291,.T.);
#204=FACE_OUTER_BOUND('',#292,.T.);
#205=FACE_OUTER_BOUND('',#293,.T.);
#206=FACE_OUTER_BOUND('',#294,.T.);
#207=FACE_OUTER_BOUND('',#295,.T.);
#208=FACE_OUTER_BOUND('',#296,.T.);
#209=FACE_OUTER_BOUND('',#297,.T.);
#210=FACE_OUTER_BOUND('',#298,.T.);
#211=FACE_OUTER_BOUND('',#299,.T.);
#212=FACE_OUTER_BOUND('',#300,.T.);
#213=FACE_OUTER_BOUND('',#301,.T.);
#214=FACE_OUTER_BOUND('',#302,.T.);
#215=FACE_OUTER_BOUND('',#303,.T.);
#216=FACE_OUTER_BOUND('',#304,.T.);
#217=FACE_OUTER_BOUND('',#305,.T.);
#218=FACE_OUTER_BOUND('',#306,.T.);
#219=FACE_OUTER_BOUND('',#307,.T.);
#220=FACE_OUTER_BOUND('',#308,.T.);
#221=FACE_OUTER_BOUND('',#316,.T.);
#222=EDGE_LOOP('',(#1018,#1019,#1020,#1021));
#223=EDGE_LOOP('',(#1022,#1023,#1024,#1025));
#224=EDGE_LOOP('',(#1026,#1027,#1028,#1029,#1030));
#225=EDGE_LOOP('',(#1031,#1032,#1033,#1034));
#226=EDGE_LOOP('',(#1035,#1036,#1037,#1038,#1039));
#227=EDGE_LOOP('',(#1040,#1041,#1042,#1043,#1044,#1045,#1046,#1047));
#228=EDGE_LOOP('',(#1048,#1049,#1050,#1051));
#229=EDGE_LOOP('',(#1052,#1053,#1054,#1055));
#230=EDGE_LOOP('',(#1056,#1057,#1058,#1059));
#231=EDGE_LOOP('',(#1060,#1061,#1062,#1063));
#232=EDGE_LOOP('',(#1064,#1065,#1066,#1067));
#233=EDGE_LOOP('',(#1068,#1069,#1070,#1071));
#234=EDGE_LOOP('',(#1072,#1073,#1074,#1075));
#235=EDGE_LOOP('',(#1076,#1077,#1078,#1079));
#236=EDGE_LOOP('',(#1080,#1081,#1082,#1083));
#237=EDGE_LOOP('',(#1084,#1085,#1086,#1087));
#238=EDGE_LOOP('',(#1088,#1089,#1090,#1091));
#239=EDGE_LOOP('',(#1092,#1093,#1094,#1095));
#240=EDGE_LOOP('',(#1096,#1097,#1098,#1099));
#241=EDGE_LOOP('',(#1100));
#242=EDGE_LOOP('',(#1101));
#243=EDGE_LOOP('',(#1102));
#244=EDGE_LOOP('',(#1103));
#245=EDGE_LOOP('',(#1104,#1105,#1106,#1107));
#246=EDGE_LOOP('',(#1108,#1109,#1110,#1111,#1112,#1113));
#247=EDGE_LOOP('',(#1114,#1115,#1116,#1117));
#248=EDGE_LOOP('',(#1118));
#249=EDGE_LOOP('',(#1119));
#250=EDGE_LOOP('',(#1120));
#251=EDGE_LOOP('',(#1121));
#252=EDGE_LOOP('',(#1122,#1123,#1124,#1125));
#253=EDGE_LOOP('',(#1126,#1127,#1128,#1129));
#254=EDGE_LOOP('',(#1130,#1131,#1132,#1133));
#255=EDGE_LOOP('',(#1134,#1135,#1136,#1137));
#256=EDGE_LOOP('',(#1138,#1139,#1140,#1141));
#257=EDGE_LOOP('',(#1142,#1143,#1144,#1145));
#258=EDGE_LOOP('',(#1146,#1147,#1148,#1149));
#259=EDGE_LOOP('',(#1150,#1151,#1152,#1153));
#260=EDGE_LOOP('',(#1154,#1155,#1156,#1157));
#261=EDGE_LOOP('',(#1158,#1159,#1160,#1161));
#262=EDGE_LOOP('',(#1162,#1163,#1164,#1165));
#263=EDGE_LOOP('',(#1166,#1167,#1168,#1169));
#264=EDGE_LOOP('',(#1170,#1171,#1172,#1173));
#265=EDGE_LOOP('',(#1174,#1175,#1176,#1177));
#266=EDGE_LOOP('',(#1178,#1179,#1180,#1181));
#267=EDGE_LOOP('',(#1182,#1183,#1184,#1185));
#268=EDGE_LOOP('',(#1186,#1187,#1188,#1189));
#269=EDGE_LOOP('',(#1190,#1191,#1192,#1193));
#270=EDGE_LOOP('',(#1194,#1195,#1196,#1197));
#271=EDGE_LOOP('',(#1198,#1199,#1200,#1201));
#272=EDGE_LOOP('',(#1202,#1203,#1204,#1205));
#273=EDGE_LOOP('',(#1206,#1207,#1208,#1209));
#274=EDGE_LOOP('',(#1210,#1211,#1212,#1213));
#275=EDGE_LOOP('',(#1214,#1215,#1216,#1217));
#276=EDGE_LOOP('',(#1218,#1219,#1220,#1221));
#277=EDGE_LOOP('',(#1222,#1223,#1224,#1225));
#278=EDGE_LOOP('',(#1226,#1227,#1228,#1229));
#279=EDGE_LOOP('',(#1230,#1231,#1232,#1233));
#280=EDGE_LOOP('',(#1234,#1235,#1236,#1237));
#281=EDGE_LOOP('',(#1238,#1239,#1240,#1241));
#282=EDGE_LOOP('',(#1242,#1243,#1244,#1245));
#283=EDGE_LOOP('',(#1246,#1247,#1248,#1249));
#284=EDGE_LOOP('',(#1250,#1251,#1252,#1253));
#285=EDGE_LOOP('',(#1254,#1255,#1256,#1257));
#286=EDGE_LOOP('',(#1258,#1259,#1260,#1261));
#287=EDGE_LOOP('',(#1262,#1263,#1264,#1265));
#288=EDGE_LOOP('',(#1266,#1267,#1268,#1269));
#289=EDGE_LOOP('',(#1270,#1271,#1272,#1273));
#290=EDGE_LOOP('',(#1274,#1275,#1276,#1277));
#291=EDGE_LOOP('',(#1278,#1279,#1280,#1281));
#292=EDGE_LOOP('',(#1282,#1283,#1284,#1285));
#293=EDGE_LOOP('',(#1286,#1287,#1288,#1289));
#294=EDGE_LOOP('',(#1290,#1291,#1292,#1293));
#295=EDGE_LOOP('',(#1294,#1295,#1296,#1297));
#296=EDGE_LOOP('',(#1298,#1299,#1300,#1301));
#297=EDGE_LOOP('',(#1302,#1303,#1304,#1305));
#298=EDGE_LOOP('',(#1306,#1307,#1308,#1309));
#299=EDGE_LOOP('',(#1310,#1311,#1312,#1313));
#300=EDGE_LOOP('',(#1314,#1315,#1316,#1317));
#301=EDGE_LOOP('',(#1318,#1319,#1320,#1321));
#302=EDGE_LOOP('',(#1322,#1323,#1324,#1325));
#303=EDGE_LOOP('',(#1326,#1327,#1328,#1329));
#304=EDGE_LOOP('',(#1330,#1331,#1332,#1333));
#305=EDGE_LOOP('',(#1334,#1335,#1336,#1337));
#306=EDGE_LOOP('',(#1338,#1339,#1340,#1341));
#307=EDGE_LOOP('',(#1342,#1343,#1344,#1345));
#308=EDGE_LOOP('',(#1346,#1347,#1348,#1349));
#309=EDGE_LOOP('',(#1350,#1351,#1352,#1353,#1354,#1355,#1356,#1357));
#310=EDGE_LOOP('',(#1358,#1359,#1360,#1361,#1362,#1363,#1364,#1365));
#311=EDGE_LOOP('',(#1366,#1367,#1368,#1369,#1370,#1371,#1372,#1373));
#312=EDGE_LOOP('',(#1374,#1375,#1376,#1377,#1378,#1379,#1380,#1381));
#313=EDGE_LOOP('',(#1382,#1383,#1384,#1385,#1386,#1387,#1388,#1389));
#314=EDGE_LOOP('',(#1390,#1391,#1392,#1393,#1394,#1395,#1396,#1397));
#315=EDGE_LOOP('',(#1398,#1399,#1400,#1401));
#316=EDGE_LOOP('',(#1402,#1403,#1404,#1405));
#317=EDGE_LOOP('',(#1406,#1407,#1408,#1409,#1410,#1411,#1412,#1413));
#318=EDGE_LOOP('',(#1414,#1415,#1416,#1417,#1418,#1419,#1420,#1421));
#319=EDGE_LOOP('',(#1422,#1423,#1424,#1425,#1426,#1427,#1428,#1429));
#320=EDGE_LOOP('',(#1430,#1431,#1432,#1433,#1434,#1435,#1436,#1437));
#321=EDGE_LOOP('',(#1438,#1439,#1440,#1441,#1442,#1443,#1444,#1445));
#322=EDGE_LOOP('',(#1446,#1447,#1448,#1449,#1450,#1451,#1452,#1453));
#323=EDGE_LOOP('',(#1454,#1455,#1456,#1457));
#324=LINE('',#2217,#488);
#325=LINE('',#2219,#489);
#326=LINE('',#2221,#490);
#327=LINE('',#2222,#491);
#328=LINE('',#2226,#492);
#329=LINE('',#2228,#493);
#330=LINE('',#2230,#494);
#331=LINE('',#2231,#495);
#332=LINE('',#2234,#496);
#333=LINE('',#2235,#497);
#334=LINE('',#2236,#498);
#335=LINE('',#2239,#499);
#336=LINE('',#2240,#500);
#337=LINE('',#2242,#501);
#338=LINE('',#2243,#502);
#339=LINE('',#2246,#503);
#340=LINE('',#2248,#504);
#341=LINE('',#2250,#505);
#342=LINE('',#2252,#506);
#343=LINE('',#2253,#507);
#344=LINE('',#2256,#508);
#345=LINE('',#2258,#509);
#346=LINE('',#2259,#510);
#347=LINE('',#2262,#511);
#348=LINE('',#2264,#512);
#349=LINE('',#2265,#513);
#350=LINE('',#2267,#514);
#351=LINE('',#2268,#515);
#352=LINE('',#2273,#516);
#353=LINE('',#2279,#517);
#354=LINE('',#2285,#518);
#355=LINE('',#2291,#519);
#356=LINE('',#2296,#520);
#357=LINE('',#2298,#521);
#358=LINE('',#2300,#522);
#359=LINE('',#2301,#523);
#360=LINE('',#2304,#524);
#361=LINE('',#2306,#525);
#362=LINE('',#2307,#526);
#363=LINE('',#2310,#527);
#364=LINE('',#2312,#528);
#365=LINE('',#2313,#529);
#366=LINE('',#2315,#530);
#367=LINE('',#2316,#531);
#368=LINE('',#2324,#532);
#369=LINE('',#2326,#533);
#370=LINE('',#2328,#534);
#371=LINE('',#2329,#535);
#372=LINE('',#2332,#536);
#373=LINE('',#2334,#537);
#374=LINE('',#2335,#538);
#375=LINE('',#2338,#539);
#376=LINE('',#2340,#540);
#377=LINE('',#2341,#541);
#378=LINE('',#2343,#542);
#379=LINE('',#2344,#543);
#380=LINE('',#2350,#544);
#381=LINE('',#2353,#545);
#382=LINE('',#2356,#546);
#383=LINE('',#2358,#547);
#384=LINE('',#2359,#548);
#385=LINE('',#2365,#549);
#386=LINE('',#2368,#550);
#387=LINE('',#2370,#551);
#388=LINE('',#2371,#552);
#389=LINE('',#2377,#553);
#390=LINE('',#2380,#554);
#391=LINE('',#2382,#555);
#392=LINE('',#2383,#556);
#393=LINE('',#2389,#557);
#394=LINE('',#2391,#558);
#395=LINE('',#2392,#559);
#396=LINE('',#2398,#560);
#397=LINE('',#2401,#561);
#398=LINE('',#2404,#562);
#399=LINE('',#2406,#563);
#400=LINE('',#2407,#564);
#401=LINE('',#2413,#565);
#402=LINE('',#2416,#566);
#403=LINE('',#2418,#567);
#404=LINE('',#2419,#568);
#405=LINE('',#2425,#569);
#406=LINE('',#2428,#570);
#407=LINE('',#2430,#571);
#408=LINE('',#2431,#572);
#409=LINE('',#2437,#573);
#410=LINE('',#2439,#574);
#411=LINE('',#2440,#575);
#412=LINE('',#2446,#576);
#413=LINE('',#2449,#577);
#414=LINE('',#2452,#578);
#415=LINE('',#2454,#579);
#416=LINE('',#2455,#580);
#417=LINE('',#2461,#581);
#418=LINE('',#2464,#582);
#419=LINE('',#2466,#583);
#420=LINE('',#2467,#584);
#421=LINE('',#2473,#585);
#422=LINE('',#2476,#586);
#423=LINE('',#2478,#587);
#424=LINE('',#2479,#588);
#425=LINE('',#2485,#589);
#426=LINE('',#2487,#590);
#427=LINE('',#2488,#591);
#428=LINE('',#2494,#592);
#429=LINE('',#2497,#593);
#430=LINE('',#2500,#594);
#431=LINE('',#2502,#595);
#432=LINE('',#2503,#596);
#433=LINE('',#2509,#597);
#434=LINE('',#2512,#598);
#435=LINE('',#2514,#599);
#436=LINE('',#2515,#600);
#437=LINE('',#2521,#601);
#438=LINE('',#2524,#602);
#439=LINE('',#2526,#603);
#440=LINE('',#2527,#604);
#441=LINE('',#2533,#605);
#442=LINE('',#2535,#606);
#443=LINE('',#2536,#607);
#444=LINE('',#2542,#608);
#445=LINE('',#2545,#609);
#446=LINE('',#2548,#610);
#447=LINE('',#2550,#611);
#448=LINE('',#2551,#612);
#449=LINE('',#2557,#613);
#450=LINE('',#2560,#614);
#451=LINE('',#2562,#615);
#452=LINE('',#2563,#616);
#453=LINE('',#2569,#617);
#454=LINE('',#2572,#618);
#455=LINE('',#2574,#619);
#456=LINE('',#2575,#620);
#457=LINE('',#2581,#621);
#458=LINE('',#2583,#622);
#459=LINE('',#2584,#623);
#460=LINE('',#2588,#624);
#461=LINE('',#2590,#625);
#462=LINE('',#2592,#626);
#463=LINE('',#2593,#627);
#464=LINE('',#2599,#628);
#465=LINE('',#2602,#629);
#466=LINE('',#2604,#630);
#467=LINE('',#2605,#631);
#468=LINE('',#2611,#632);
#469=LINE('',#2614,#633);
#470=LINE('',#2616,#634);
#471=LINE('',#2617,#635);
#472=LINE('',#2623,#636);
#473=LINE('',#2626,#637);
#474=LINE('',#2628,#638);
#475=LINE('',#2629,#639);
#476=LINE('',#2636,#640);
#477=LINE('',#2638,#641);
#478=LINE('',#2640,#642);
#479=LINE('',#2641,#643);
#480=LINE('',#2644,#644);
#481=LINE('',#2646,#645);
#482=LINE('',#2647,#646);
#483=LINE('',#2650,#647);
#484=LINE('',#2652,#648);
#485=LINE('',#2653,#649);
#486=LINE('',#2655,#650);
#487=LINE('',#2656,#651);
#488=VECTOR('',#1770,10.);
#489=VECTOR('',#1771,10.);
#490=VECTOR('',#1772,10.);
#491=VECTOR('',#1773,10.);
#492=VECTOR('',#1776,10.);
#493=VECTOR('',#1777,10.);
#494=VECTOR('',#1778,10.);
#495=VECTOR('',#1779,10.);
#496=VECTOR('',#1782,10.);
#497=VECTOR('',#1783,10.);
#498=VECTOR('',#1784,10.);
#499=VECTOR('',#1787,10.);
#500=VECTOR('',#1788,10.);
#501=VECTOR('',#1791,10.);
#502=VECTOR('',#1792,10.);
#503=VECTOR('',#1795,10.);
#504=VECTOR('',#1796,10.);
#505=VECTOR('',#1797,10.);
#506=VECTOR('',#1798,10.);
#507=VECTOR('',#1799,10.);
#508=VECTOR('',#1802,10.);
#509=VECTOR('',#1803,10.);
#510=VECTOR('',#1804,10.);
#511=VECTOR('',#1807,10.);
#512=VECTOR('',#1808,10.);
#513=VECTOR('',#1809,10.);
#514=VECTOR('',#1812,10.);
#515=VECTOR('',#1813,10.);
#516=VECTOR('',#1818,1.45);
#517=VECTOR('',#1825,1.45);
#518=VECTOR('',#1832,1.45);
#519=VECTOR('',#1839,1.45);
#520=VECTOR('',#1844,10.);
#521=VECTOR('',#1845,10.);
#522=VECTOR('',#1846,10.);
#523=VECTOR('',#1847,10.);
#524=VECTOR('',#1850,10.);
#525=VECTOR('',#1851,10.);
#526=VECTOR('',#1852,10.);
#527=VECTOR('',#1855,10.);
#528=VECTOR('',#1856,10.);
#529=VECTOR('',#1857,10.);
#530=VECTOR('',#1860,10.);
#531=VECTOR('',#1861,10.);
#532=VECTOR('',#1872,10.);
#533=VECTOR('',#1873,10.);
#534=VECTOR('',#1874,10.);
#535=VECTOR('',#1875,10.);
#536=VECTOR('',#1878,10.);
#537=VECTOR('',#1879,10.);
#538=VECTOR('',#1880,10.);
#539=VECTOR('',#1883,10.);
#540=VECTOR('',#1884,10.);
#541=VECTOR('',#1885,10.);
#542=VECTOR('',#1888,10.);
#543=VECTOR('',#1889,10.);
#544=VECTOR('',#1894,10.);
#545=VECTOR('',#1897,10.);
#546=VECTOR('',#1900,10.);
#547=VECTOR('',#1901,10.);
#548=VECTOR('',#1902,10.);
#549=VECTOR('',#1909,10.);
#550=VECTOR('',#1912,10.);
#551=VECTOR('',#1913,10.);
#552=VECTOR('',#1914,10.);
#553=VECTOR('',#1921,10.);
#554=VECTOR('',#1924,10.);
#555=VECTOR('',#1925,10.);
#556=VECTOR('',#1926,10.);
#557=VECTOR('',#1933,10.);
#558=VECTOR('',#1936,10.);
#559=VECTOR('',#1937,10.);
#560=VECTOR('',#1942,10.);
#561=VECTOR('',#1945,10.);
#562=VECTOR('',#1948,10.);
#563=VECTOR('',#1949,10.);
#564=VECTOR('',#1950,10.);
#565=VECTOR('',#1957,10.);
#566=VECTOR('',#1960,10.);
#567=VECTOR('',#1961,10.);
#568=VECTOR('',#1962,10.);
#569=VECTOR('',#1969,10.);
#570=VECTOR('',#1972,10.);
#571=VECTOR('',#1973,10.);
#572=VECTOR('',#1974,10.);
#573=VECTOR('',#1981,10.);
#574=VECTOR('',#1984,10.);
#575=VECTOR('',#1985,10.);
#576=VECTOR('',#1990,10.);
#577=VECTOR('',#1993,10.);
#578=VECTOR('',#1996,10.);
#579=VECTOR('',#1997,10.);
#580=VECTOR('',#1998,10.);
#581=VECTOR('',#2005,10.);
#582=VECTOR('',#2008,10.);
#583=VECTOR('',#2009,10.);
#584=VECTOR('',#2010,10.);
#585=VECTOR('',#2017,10.);
#586=VECTOR('',#2020,10.);
#587=VECTOR('',#2021,10.);
#588=VECTOR('',#2022,10.);
#589=VECTOR('',#2029,10.);
#590=VECTOR('',#2032,10.);
#591=VECTOR('',#2033,10.);
#592=VECTOR('',#2038,10.);
#593=VECTOR('',#2041,10.);
#594=VECTOR('',#2044,10.);
#595=VECTOR('',#2045,10.);
#596=VECTOR('',#2046,10.);
#597=VECTOR('',#2053,10.);
#598=VECTOR('',#2056,10.);
#599=VECTOR('',#2057,10.);
#600=VECTOR('',#2058,10.);
#601=VECTOR('',#2065,10.);
#602=VECTOR('',#2068,10.);
#603=VECTOR('',#2069,10.);
#604=VECTOR('',#2070,10.);
#605=VECTOR('',#2077,10.);
#606=VECTOR('',#2080,10.);
#607=VECTOR('',#2081,10.);
#608=VECTOR('',#2086,10.);
#609=VECTOR('',#2089,10.);
#610=VECTOR('',#2092,10.);
#611=VECTOR('',#2093,10.);
#612=VECTOR('',#2094,10.);
#613=VECTOR('',#2101,10.);
#614=VECTOR('',#2104,10.);
#615=VECTOR('',#2105,10.);
#616=VECTOR('',#2106,10.);
#617=VECTOR('',#2113,10.);
#618=VECTOR('',#2116,10.);
#619=VECTOR('',#2117,10.);
#620=VECTOR('',#2118,10.);
#621=VECTOR('',#2125,10.);
#622=VECTOR('',#2128,10.);
#623=VECTOR('',#2129,10.);
#624=VECTOR('',#2132,10.);
#625=VECTOR('',#2133,10.);
#626=VECTOR('',#2134,10.);
#627=VECTOR('',#2135,10.);
#628=VECTOR('',#2142,10.);
#629=VECTOR('',#2145,10.);
#630=VECTOR('',#2146,10.);
#631=VECTOR('',#2147,10.);
#632=VECTOR('',#2154,10.);
#633=VECTOR('',#2157,10.);
#634=VECTOR('',#2158,10.);
#635=VECTOR('',#2159,10.);
#636=VECTOR('',#2166,10.);
#637=VECTOR('',#2169,10.);
#638=VECTOR('',#2170,10.);
#639=VECTOR('',#2171,10.);
#640=VECTOR('',#2180,10.);
#641=VECTOR('',#2181,10.);
#642=VECTOR('',#2182,10.);
#643=VECTOR('',#2183,10.);
#644=VECTOR('',#2186,10.);
#645=VECTOR('',#2187,10.);
#646=VECTOR('',#2188,10.);
#647=VECTOR('',#2191,10.);
#648=VECTOR('',#2192,10.);
#649=VECTOR('',#2193,10.);
#650=VECTOR('',#2196,10.);
#651=VECTOR('',#2197,10.);
#652=VERTEX_POINT('',#2215);
#653=VERTEX_POINT('',#2216);
#654=VERTEX_POINT('',#2218);
#655=VERTEX_POINT('',#2220);
#656=VERTEX_POINT('',#2224);
#657=VERTEX_POINT('',#2225);
#658=VERTEX_POINT('',#2227);
#659=VERTEX_POINT('',#2229);
#660=VERTEX_POINT('',#2233);
#661=VERTEX_POINT('',#2238);
#662=VERTEX_POINT('',#2245);
#663=VERTEX_POINT('',#2247);
#664=VERTEX_POINT('',#2249);
#665=VERTEX_POINT('',#2251);
#666=VERTEX_POINT('',#2255);
#667=VERTEX_POINT('',#2257);
#668=VERTEX_POINT('',#2261);
#669=VERTEX_POINT('',#2263);
#670=VERTEX_POINT('',#2270);
#671=VERTEX_POINT('',#2272);
#672=VERTEX_POINT('',#2276);
#673=VERTEX_POINT('',#2278);
#674=VERTEX_POINT('',#2282);
#675=VERTEX_POINT('',#2284);
#676=VERTEX_POINT('',#2288);
#677=VERTEX_POINT('',#2290);
#678=VERTEX_POINT('',#2294);
#679=VERTEX_POINT('',#2295);
#680=VERTEX_POINT('',#2297);
#681=VERTEX_POINT('',#2299);
#682=VERTEX_POINT('',#2303);
#683=VERTEX_POINT('',#2305);
#684=VERTEX_POINT('',#2309);
#685=VERTEX_POINT('',#2311);
#686=VERTEX_POINT('',#2322);
#687=VERTEX_POINT('',#2323);
#688=VERTEX_POINT('',#2325);
#689=VERTEX_POINT('',#2327);
#690=VERTEX_POINT('',#2331);
#691=VERTEX_POINT('',#2333);
#692=VERTEX_POINT('',#2337);
#693=VERTEX_POINT('',#2339);
#694=VERTEX_POINT('',#2346);
#695=VERTEX_POINT('',#2347);
#696=VERTEX_POINT('',#2349);
#697=VERTEX_POINT('',#2351);
#698=VERTEX_POINT('',#2355);
#699=VERTEX_POINT('',#2357);
#700=VERTEX_POINT('',#2361);
#701=VERTEX_POINT('',#2363);
#702=VERTEX_POINT('',#2367);
#703=VERTEX_POINT('',#2369);
#704=VERTEX_POINT('',#2373);
#705=VERTEX_POINT('',#2375);
#706=VERTEX_POINT('',#2379);
#707=VERTEX_POINT('',#2381);
#708=VERTEX_POINT('',#2385);
#709=VERTEX_POINT('',#2387);
#710=VERTEX_POINT('',#2394);
#711=VERTEX_POINT('',#2395);
#712=VERTEX_POINT('',#2397);
#713=VERTEX_POINT('',#2399);
#714=VERTEX_POINT('',#2403);
#715=VERTEX_POINT('',#2405);
#716=VERTEX_POINT('',#2409);
#717=VERTEX_POINT('',#2411);
#718=VERTEX_POINT('',#2415);
#719=VERTEX_POINT('',#2417);
#720=VERTEX_POINT('',#2421);
#721=VERTEX_POINT('',#2423);
#722=VERTEX_POINT('',#2427);
#723=VERTEX_POINT('',#2429);
#724=VERTEX_POINT('',#2433);
#725=VERTEX_POINT('',#2435);
#726=VERTEX_POINT('',#2442);
#727=VERTEX_POINT('',#2443);
#728=VERTEX_POINT('',#2445);
#729=VERTEX_POINT('',#2447);
#730=VERTEX_POINT('',#2451);
#731=VERTEX_POINT('',#2453);
#732=VERTEX_POINT('',#2457);
#733=VERTEX_POINT('',#2459);
#734=VERTEX_POINT('',#2463);
#735=VERTEX_POINT('',#2465);
#736=VERTEX_POINT('',#2469);
#737=VERTEX_POINT('',#2471);
#738=VERTEX_POINT('',#2475);
#739=VERTEX_POINT('',#2477);
#740=VERTEX_POINT('',#2481);
#741=VERTEX_POINT('',#2483);
#742=VERTEX_POINT('',#2490);
#743=VERTEX_POINT('',#2491);
#744=VERTEX_POINT('',#2493);
#745=VERTEX_POINT('',#2495);
#746=VERTEX_POINT('',#2499);
#747=VERTEX_POINT('',#2501);
#748=VERTEX_POINT('',#2505);
#749=VERTEX_POINT('',#2507);
#750=VERTEX_POINT('',#2511);
#751=VERTEX_POINT('',#2513);
#752=VERTEX_POINT('',#2517);
#753=VERTEX_POINT('',#2519);
#754=VERTEX_POINT('',#2523);
#755=VERTEX_POINT('',#2525);
#756=VERTEX_POINT('',#2529);
#757=VERTEX_POINT('',#2531);
#758=VERTEX_POINT('',#2538);
#759=VERTEX_POINT('',#2539);
#760=VERTEX_POINT('',#2541);
#761=VERTEX_POINT('',#2543);
#762=VERTEX_POINT('',#2547);
#763=VERTEX_POINT('',#2549);
#764=VERTEX_POINT('',#2553);
#765=VERTEX_POINT('',#2555);
#766=VERTEX_POINT('',#2559);
#767=VERTEX_POINT('',#2561);
#768=VERTEX_POINT('',#2565);
#769=VERTEX_POINT('',#2567);
#770=VERTEX_POINT('',#2571);
#771=VERTEX_POINT('',#2573);
#772=VERTEX_POINT('',#2577);
#773=VERTEX_POINT('',#2579);
#774=VERTEX_POINT('',#2586);
#775=VERTEX_POINT('',#2587);
#776=VERTEX_POINT('',#2589);
#777=VERTEX_POINT('',#2591);
#778=VERTEX_POINT('',#2595);
#779=VERTEX_POINT('',#2597);
#780=VERTEX_POINT('',#2601);
#781=VERTEX_POINT('',#2603);
#782=VERTEX_POINT('',#2607);
#783=VERTEX_POINT('',#2609);
#784=VERTEX_POINT('',#2613);
#785=VERTEX_POINT('',#2615);
#786=VERTEX_POINT('',#2619);
#787=VERTEX_POINT('',#2621);
#788=VERTEX_POINT('',#2625);
#789=VERTEX_POINT('',#2627);
#790=VERTEX_POINT('',#2634);
#791=VERTEX_POINT('',#2635);
#792=VERTEX_POINT('',#2637);
#793=VERTEX_POINT('',#2639);
#794=VERTEX_POINT('',#2643);
#795=VERTEX_POINT('',#2645);
#796=VERTEX_POINT('',#2649);
#797=VERTEX_POINT('',#2651);
#798=EDGE_CURVE('',#652,#653,#324,.T.);
#799=EDGE_CURVE('',#654,#652,#325,.T.);
#800=EDGE_CURVE('',#655,#654,#326,.T.);
#801=EDGE_CURVE('',#653,#655,#327,.T.);
#802=EDGE_CURVE('',#656,#657,#328,.T.);
#803=EDGE_CURVE('',#656,#658,#329,.T.);
#804=EDGE_CURVE('',#659,#658,#330,.T.);
#805=EDGE_CURVE('',#657,#659,#331,.T.);
#806=EDGE_CURVE('',#660,#656,#332,.T.);
#807=EDGE_CURVE('',#660,#654,#333,.T.);
#808=EDGE_CURVE('',#658,#652,#334,.T.);
#809=EDGE_CURVE('',#661,#660,#335,.T.);
#810=EDGE_CURVE('',#661,#655,#336,.T.);
#811=EDGE_CURVE('',#657,#661,#337,.T.);
#812=EDGE_CURVE('',#653,#659,#338,.T.);
#813=EDGE_CURVE('',#662,#652,#339,.T.);
#814=EDGE_CURVE('',#662,#663,#340,.T.);
#815=EDGE_CURVE('',#664,#663,#341,.T.);
#816=EDGE_CURVE('',#665,#664,#342,.T.);
#817=EDGE_CURVE('',#653,#665,#343,.T.);
#818=EDGE_CURVE('',#666,#662,#344,.T.);
#819=EDGE_CURVE('',#666,#667,#345,.T.);
#820=EDGE_CURVE('',#663,#667,#346,.T.);
#821=EDGE_CURVE('',#665,#668,#347,.T.);
#822=EDGE_CURVE('',#669,#664,#348,.T.);
#823=EDGE_CURVE('',#668,#669,#349,.T.);
#824=EDGE_CURVE('',#668,#666,#350,.T.);
#825=EDGE_CURVE('',#667,#669,#351,.T.);
#826=EDGE_CURVE('',#670,#670,#60,.T.);
#827=EDGE_CURVE('',#670,#671,#352,.T.);
#828=EDGE_CURVE('',#671,#671,#61,.T.);
#829=EDGE_CURVE('',#672,#672,#62,.T.);
#830=EDGE_CURVE('',#672,#673,#353,.T.);
#831=EDGE_CURVE('',#673,#673,#63,.T.);
#832=EDGE_CURVE('',#674,#674,#64,.T.);
#833=EDGE_CURVE('',#674,#675,#354,.T.);
#834=EDGE_CURVE('',#675,#675,#65,.T.);
#835=EDGE_CURVE('',#676,#676,#66,.T.);
#836=EDGE_CURVE('',#676,#677,#355,.T.);
#837=EDGE_CURVE('',#677,#677,#67,.T.);
#838=EDGE_CURVE('',#678,#679,#356,.T.);
#839=EDGE_CURVE('',#678,#680,#357,.T.);
#840=EDGE_CURVE('',#681,#680,#358,.T.);
#841=EDGE_CURVE('',#679,#681,#359,.T.);
#842=EDGE_CURVE('',#679,#682,#360,.T.);
#843=EDGE_CURVE('',#683,#681,#361,.T.);
#844=EDGE_CURVE('',#682,#683,#362,.T.);
#845=EDGE_CURVE('',#682,#684,#363,.T.);
#846=EDGE_CURVE('',#685,#683,#364,.T.);
#847=EDGE_CURVE('',#684,#685,#365,.T.);
#848=EDGE_CURVE('',#684,#678,#366,.T.);
#849=EDGE_CURVE('',#680,#685,#367,.T.);
#850=EDGE_CURVE('',#686,#687,#368,.T.);
#851=EDGE_CURVE('',#686,#688,#369,.T.);
#852=EDGE_CURVE('',#689,#688,#370,.T.);
#853=EDGE_CURVE('',#687,#689,#371,.T.);
#854=EDGE_CURVE('',#687,#690,#372,.T.);
#855=EDGE_CURVE('',#691,#689,#373,.T.);
#856=EDGE_CURVE('',#690,#691,#374,.T.);
#857=EDGE_CURVE('',#690,#692,#375,.T.);
#858=EDGE_CURVE('',#693,#691,#376,.T.);
#859=EDGE_CURVE('',#692,#693,#377,.T.);
#860=EDGE_CURVE('',#692,#686,#378,.T.);
#861=EDGE_CURVE('',#688,#693,#379,.T.);
#862=EDGE_CURVE('',#694,#695,#68,.T.);
#863=EDGE_CURVE('',#694,#696,#380,.T.);
#864=EDGE_CURVE('',#697,#696,#69,.T.);
#865=EDGE_CURVE('',#695,#697,#381,.T.);
#866=EDGE_CURVE('',#695,#698,#382,.T.);
#867=EDGE_CURVE('',#699,#697,#383,.T.);
#868=EDGE_CURVE('',#698,#699,#384,.T.);
#869=EDGE_CURVE('',#698,#700,#70,.T.);
#870=EDGE_CURVE('',#701,#699,#71,.T.);
#871=EDGE_CURVE('',#700,#701,#385,.T.);
#872=EDGE_CURVE('',#700,#702,#386,.T.);
#873=EDGE_CURVE('',#703,#701,#387,.T.);
#874=EDGE_CURVE('',#702,#703,#388,.T.);
#875=EDGE_CURVE('',#702,#704,#72,.T.);
#876=EDGE_CURVE('',#705,#703,#73,.T.);
#877=EDGE_CURVE('',#704,#705,#389,.T.);
#878=EDGE_CURVE('',#706,#704,#390,.T.);
#879=EDGE_CURVE('',#707,#705,#391,.T.);
#880=EDGE_CURVE('',#706,#707,#392,.T.);
#881=EDGE_CURVE('',#706,#708,#74,.T.);
#882=EDGE_CURVE('',#709,#707,#75,.T.);
#883=EDGE_CURVE('',#708,#709,#393,.T.);
#884=EDGE_CURVE('',#694,#708,#394,.T.);
#885=EDGE_CURVE('',#696,#709,#395,.T.);
#886=EDGE_CURVE('',#710,#711,#76,.T.);
#887=EDGE_CURVE('',#710,#712,#396,.T.);
#888=EDGE_CURVE('',#713,#712,#77,.T.);
#889=EDGE_CURVE('',#711,#713,#397,.T.);
#890=EDGE_CURVE('',#711,#714,#398,.T.);
#891=EDGE_CURVE('',#715,#713,#399,.T.);
#892=EDGE_CURVE('',#714,#715,#400,.T.);
#893=EDGE_CURVE('',#714,#716,#78,.T.);
#894=EDGE_CURVE('',#717,#715,#79,.T.);
#895=EDGE_CURVE('',#716,#717,#401,.T.);
#896=EDGE_CURVE('',#716,#718,#402,.T.);
#897=EDGE_CURVE('',#719,#717,#403,.T.);
#898=EDGE_CURVE('',#718,#719,#404,.T.);
#899=EDGE_CURVE('',#718,#720,#80,.T.);
#900=EDGE_CURVE('',#721,#719,#81,.T.);
#901=EDGE_CURVE('',#720,#721,#405,.T.);
#902=EDGE_CURVE('',#722,#720,#406,.T.);
#903=EDGE_CURVE('',#723,#721,#407,.T.);
#904=EDGE_CURVE('',#722,#723,#408,.T.);
#905=EDGE_CURVE('',#722,#724,#82,.T.);
#906=EDGE_CURVE('',#725,#723,#83,.T.);
#907=EDGE_CURVE('',#724,#725,#409,.T.);
#908=EDGE_CURVE('',#710,#724,#410,.T.);
#909=EDGE_CURVE('',#712,#725,#411,.T.);
#910=EDGE_CURVE('',#726,#727,#84,.T.);
#911=EDGE_CURVE('',#726,#728,#412,.T.);
#912=EDGE_CURVE('',#729,#728,#85,.T.);
#913=EDGE_CURVE('',#727,#729,#413,.T.);
#914=EDGE_CURVE('',#727,#730,#414,.T.);
#915=EDGE_CURVE('',#731,#729,#415,.T.);
#916=EDGE_CURVE('',#730,#731,#416,.T.);
#917=EDGE_CURVE('',#730,#732,#86,.T.);
#918=EDGE_CURVE('',#733,#731,#87,.T.);
#919=EDGE_CURVE('',#732,#733,#417,.T.);
#920=EDGE_CURVE('',#732,#734,#418,.T.);
#921=EDGE_CURVE('',#735,#733,#419,.T.);
#922=EDGE_CURVE('',#734,#735,#420,.T.);
#923=EDGE_CURVE('',#734,#736,#88,.T.);
#924=EDGE_CURVE('',#737,#735,#89,.T.);
#925=EDGE_CURVE('',#736,#737,#421,.T.);
#926=EDGE_CURVE('',#738,#736,#422,.T.);
#927=EDGE_CURVE('',#739,#737,#423,.T.);
#928=EDGE_CURVE('',#738,#739,#424,.T.);
#929=EDGE_CURVE('',#738,#740,#90,.T.);
#930=EDGE_CURVE('',#741,#739,#91,.T.);
#931=EDGE_CURVE('',#740,#741,#425,.T.);
#932=EDGE_CURVE('',#726,#740,#426,.T.);
#933=EDGE_CURVE('',#728,#741,#427,.T.);
#934=EDGE_CURVE('',#742,#743,#92,.T.);
#935=EDGE_CURVE('',#742,#744,#428,.T.);
#936=EDGE_CURVE('',#745,#744,#93,.T.);
#937=EDGE_CURVE('',#743,#745,#429,.T.);
#938=EDGE_CURVE('',#743,#746,#430,.T.);
#939=EDGE_CURVE('',#747,#745,#431,.T.);
#940=EDGE_CURVE('',#746,#747,#432,.T.);
#941=EDGE_CURVE('',#746,#748,#94,.T.);
#942=EDGE_CURVE('',#749,#747,#95,.T.);
#943=EDGE_CURVE('',#748,#749,#433,.T.);
#944=EDGE_CURVE('',#748,#750,#434,.T.);
#945=EDGE_CURVE('',#751,#749,#435,.T.);
#946=EDGE_CURVE('',#750,#751,#436,.T.);
#947=EDGE_CURVE('',#750,#752,#96,.T.);
#948=EDGE_CURVE('',#753,#751,#97,.T.);
#949=EDGE_CURVE('',#752,#753,#437,.T.);
#950=EDGE_CURVE('',#754,#752,#438,.T.);
#951=EDGE_CURVE('',#755,#753,#439,.T.);
#952=EDGE_CURVE('',#754,#755,#440,.T.);
#953=EDGE_CURVE('',#754,#756,#98,.T.);
#954=EDGE_CURVE('',#757,#755,#99,.T.);
#955=EDGE_CURVE('',#756,#757,#441,.T.);
#956=EDGE_CURVE('',#742,#756,#442,.T.);
#957=EDGE_CURVE('',#744,#757,#443,.T.);
#958=EDGE_CURVE('',#758,#759,#100,.T.);
#959=EDGE_CURVE('',#758,#760,#444,.T.);
#960=EDGE_CURVE('',#761,#760,#101,.T.);
#961=EDGE_CURVE('',#759,#761,#445,.T.);
#962=EDGE_CURVE('',#759,#762,#446,.T.);
#963=EDGE_CURVE('',#763,#761,#447,.T.);
#964=EDGE_CURVE('',#762,#763,#448,.T.);
#965=EDGE_CURVE('',#762,#764,#102,.T.);
#966=EDGE_CURVE('',#765,#763,#103,.T.);
#967=EDGE_CURVE('',#764,#765,#449,.T.);
#968=EDGE_CURVE('',#764,#766,#450,.T.);
#969=EDGE_CURVE('',#767,#765,#451,.T.);
#970=EDGE_CURVE('',#766,#767,#452,.T.);
#971=EDGE_CURVE('',#766,#768,#104,.T.);
#972=EDGE_CURVE('',#769,#767,#105,.T.);
#973=EDGE_CURVE('',#768,#769,#453,.T.);
#974=EDGE_CURVE('',#770,#768,#454,.T.);
#975=EDGE_CURVE('',#771,#769,#455,.T.);
#976=EDGE_CURVE('',#770,#771,#456,.T.);
#977=EDGE_CURVE('',#770,#772,#106,.T.);
#978=EDGE_CURVE('',#773,#771,#107,.T.);
#979=EDGE_CURVE('',#772,#773,#457,.T.);
#980=EDGE_CURVE('',#758,#772,#458,.T.);
#981=EDGE_CURVE('',#760,#773,#459,.T.);
#982=EDGE_CURVE('',#774,#775,#460,.T.);
#983=EDGE_CURVE('',#774,#776,#461,.T.);
#984=EDGE_CURVE('',#777,#776,#462,.T.);
#985=EDGE_CURVE('',#775,#777,#463,.T.);
#986=EDGE_CURVE('',#775,#778,#108,.T.);
#987=EDGE_CURVE('',#779,#777,#109,.T.);
#988=EDGE_CURVE('',#778,#779,#464,.T.);
#989=EDGE_CURVE('',#778,#780,#465,.T.);
#990=EDGE_CURVE('',#781,#779,#466,.T.);
#991=EDGE_CURVE('',#780,#781,#467,.T.);
#992=EDGE_CURVE('',#780,#782,#110,.T.);
#993=EDGE_CURVE('',#783,#781,#111,.T.);
#994=EDGE_CURVE('',#782,#783,#468,.T.);
#995=EDGE_CURVE('',#784,#782,#469,.T.);
#996=EDGE_CURVE('',#785,#783,#470,.T.);
#997=EDGE_CURVE('',#784,#785,#471,.T.);
#998=EDGE_CURVE('',#784,#786,#112,.T.);
#999=EDGE_CURVE('',#787,#785,#113,.T.);
#1000=EDGE_CURVE('',#786,#787,#472,.T.);
#1001=EDGE_CURVE('',#788,#786,#473,.T.);
#1002=EDGE_CURVE('',#789,#787,#474,.T.);
#1003=EDGE_CURVE('',#788,#789,#475,.T.);
#1004=EDGE_CURVE('',#788,#774,#114,.T.);
#1005=EDGE_CURVE('',#776,#789,#115,.T.);
#1006=EDGE_CURVE('',#790,#791,#476,.T.);
#1007=EDGE_CURVE('',#790,#792,#477,.T.);
#1008=EDGE_CURVE('',#793,#792,#478,.T.);
#1009=EDGE_CURVE('',#791,#793,#479,.T.);
#1010=EDGE_CURVE('',#791,#794,#480,.T.);
#1011=EDGE_CURVE('',#795,#793,#481,.T.);
#1012=EDGE_CURVE('',#794,#795,#482,.T.);
#1013=EDGE_CURVE('',#796,#794,#483,.T.);
#1014=EDGE_CURVE('',#797,#795,#484,.T.);
#1015=EDGE_CURVE('',#796,#797,#485,.T.);
#1016=EDGE_CURVE('',#790,#796,#486,.T.);
#1017=EDGE_CURVE('',#792,#797,#487,.T.);
#1018=ORIENTED_EDGE('',*,*,#798,.F.);
#1019=ORIENTED_EDGE('',*,*,#799,.F.);
#1020=ORIENTED_EDGE('',*,*,#800,.F.);
#1021=ORIENTED_EDGE('',*,*,#801,.F.);
#1022=ORIENTED_EDGE('',*,*,#802,.F.);
#1023=ORIENTED_EDGE('',*,*,#803,.T.);
#1024=ORIENTED_EDGE('',*,*,#804,.F.);
#1025=ORIENTED_EDGE('',*,*,#805,.F.);
#1026=ORIENTED_EDGE('',*,*,#806,.F.);
#1027=ORIENTED_EDGE('',*,*,#807,.T.);
#1028=ORIENTED_EDGE('',*,*,#799,.T.);
#1029=ORIENTED_EDGE('',*,*,#808,.F.);
#1030=ORIENTED_EDGE('',*,*,#803,.F.);
#1031=ORIENTED_EDGE('',*,*,#809,.F.);
#1032=ORIENTED_EDGE('',*,*,#810,.T.);
#1033=ORIENTED_EDGE('',*,*,#800,.T.);
#1034=ORIENTED_EDGE('',*,*,#807,.F.);
#1035=ORIENTED_EDGE('',*,*,#811,.F.);
#1036=ORIENTED_EDGE('',*,*,#805,.T.);
#1037=ORIENTED_EDGE('',*,*,#812,.F.);
#1038=ORIENTED_EDGE('',*,*,#801,.T.);
#1039=ORIENTED_EDGE('',*,*,#810,.F.);
#1040=ORIENTED_EDGE('',*,*,#808,.T.);
#1041=ORIENTED_EDGE('',*,*,#813,.F.);
#1042=ORIENTED_EDGE('',*,*,#814,.T.);
#1043=ORIENTED_EDGE('',*,*,#815,.F.);
#1044=ORIENTED_EDGE('',*,*,#816,.F.);
#1045=ORIENTED_EDGE('',*,*,#817,.F.);
#1046=ORIENTED_EDGE('',*,*,#812,.T.);
#1047=ORIENTED_EDGE('',*,*,#804,.T.);
#1048=ORIENTED_EDGE('',*,*,#818,.F.);
#1049=ORIENTED_EDGE('',*,*,#819,.T.);
#1050=ORIENTED_EDGE('',*,*,#820,.F.);
#1051=ORIENTED_EDGE('',*,*,#814,.F.);
#1052=ORIENTED_EDGE('',*,*,#821,.F.);
#1053=ORIENTED_EDGE('',*,*,#816,.T.);
#1054=ORIENTED_EDGE('',*,*,#822,.F.);
#1055=ORIENTED_EDGE('',*,*,#823,.F.);
#1056=ORIENTED_EDGE('',*,*,#824,.F.);
#1057=ORIENTED_EDGE('',*,*,#823,.T.);
#1058=ORIENTED_EDGE('',*,*,#825,.F.);
#1059=ORIENTED_EDGE('',*,*,#819,.F.);
#1060=ORIENTED_EDGE('',*,*,#826,.F.);
#1061=ORIENTED_EDGE('',*,*,#827,.T.);
#1062=ORIENTED_EDGE('',*,*,#828,.T.);
#1063=ORIENTED_EDGE('',*,*,#827,.F.);
#1064=ORIENTED_EDGE('',*,*,#829,.F.);
#1065=ORIENTED_EDGE('',*,*,#830,.T.);
#1066=ORIENTED_EDGE('',*,*,#831,.T.);
#1067=ORIENTED_EDGE('',*,*,#830,.F.);
#1068=ORIENTED_EDGE('',*,*,#832,.F.);
#1069=ORIENTED_EDGE('',*,*,#833,.T.);
#1070=ORIENTED_EDGE('',*,*,#834,.T.);
#1071=ORIENTED_EDGE('',*,*,#833,.F.);
#1072=ORIENTED_EDGE('',*,*,#835,.F.);
#1073=ORIENTED_EDGE('',*,*,#836,.T.);
#1074=ORIENTED_EDGE('',*,*,#837,.T.);
#1075=ORIENTED_EDGE('',*,*,#836,.F.);
#1076=ORIENTED_EDGE('',*,*,#838,.F.);
#1077=ORIENTED_EDGE('',*,*,#839,.T.);
#1078=ORIENTED_EDGE('',*,*,#840,.F.);
#1079=ORIENTED_EDGE('',*,*,#841,.F.);
#1080=ORIENTED_EDGE('',*,*,#842,.F.);
#1081=ORIENTED_EDGE('',*,*,#841,.T.);
#1082=ORIENTED_EDGE('',*,*,#843,.F.);
#1083=ORIENTED_EDGE('',*,*,#844,.F.);
#1084=ORIENTED_EDGE('',*,*,#845,.F.);
#1085=ORIENTED_EDGE('',*,*,#844,.T.);
#1086=ORIENTED_EDGE('',*,*,#846,.F.);
#1087=ORIENTED_EDGE('',*,*,#847,.F.);
#1088=ORIENTED_EDGE('',*,*,#802,.T.);
#1089=ORIENTED_EDGE('',*,*,#811,.T.);
#1090=ORIENTED_EDGE('',*,*,#809,.T.);
#1091=ORIENTED_EDGE('',*,*,#806,.T.);
#1092=ORIENTED_EDGE('',*,*,#848,.F.);
#1093=ORIENTED_EDGE('',*,*,#847,.T.);
#1094=ORIENTED_EDGE('',*,*,#849,.F.);
#1095=ORIENTED_EDGE('',*,*,#839,.F.);
#1096=ORIENTED_EDGE('',*,*,#849,.T.);
#1097=ORIENTED_EDGE('',*,*,#846,.T.);
#1098=ORIENTED_EDGE('',*,*,#843,.T.);
#1099=ORIENTED_EDGE('',*,*,#840,.T.);
#1100=ORIENTED_EDGE('',*,*,#835,.T.);
#1101=ORIENTED_EDGE('',*,*,#832,.T.);
#1102=ORIENTED_EDGE('',*,*,#829,.T.);
#1103=ORIENTED_EDGE('',*,*,#826,.T.);
#1104=ORIENTED_EDGE('',*,*,#820,.T.);
#1105=ORIENTED_EDGE('',*,*,#825,.T.);
#1106=ORIENTED_EDGE('',*,*,#822,.T.);
#1107=ORIENTED_EDGE('',*,*,#815,.T.);
#1108=ORIENTED_EDGE('',*,*,#818,.T.);
#1109=ORIENTED_EDGE('',*,*,#813,.T.);
#1110=ORIENTED_EDGE('',*,*,#798,.T.);
#1111=ORIENTED_EDGE('',*,*,#817,.T.);
#1112=ORIENTED_EDGE('',*,*,#821,.T.);
#1113=ORIENTED_EDGE('',*,*,#824,.T.);
#1114=ORIENTED_EDGE('',*,*,#848,.T.);
#1115=ORIENTED_EDGE('',*,*,#838,.T.);
#1116=ORIENTED_EDGE('',*,*,#842,.T.);
#1117=ORIENTED_EDGE('',*,*,#845,.T.);
#1118=ORIENTED_EDGE('',*,*,#828,.F.);
#1119=ORIENTED_EDGE('',*,*,#831,.F.);
#1120=ORIENTED_EDGE('',*,*,#834,.F.);
#1121=ORIENTED_EDGE('',*,*,#837,.F.);
#1122=ORIENTED_EDGE('',*,*,#850,.F.);
#1123=ORIENTED_EDGE('',*,*,#851,.T.);
#1124=ORIENTED_EDGE('',*,*,#852,.F.);
#1125=ORIENTED_EDGE('',*,*,#853,.F.);
#1126=ORIENTED_EDGE('',*,*,#854,.F.);
#1127=ORIENTED_EDGE('',*,*,#853,.T.);
#1128=ORIENTED_EDGE('',*,*,#855,.F.);
#1129=ORIENTED_EDGE('',*,*,#856,.F.);
#1130=ORIENTED_EDGE('',*,*,#857,.F.);
#1131=ORIENTED_EDGE('',*,*,#856,.T.);
#1132=ORIENTED_EDGE('',*,*,#858,.F.);
#1133=ORIENTED_EDGE('',*,*,#859,.F.);
#1134=ORIENTED_EDGE('',*,*,#860,.F.);
#1135=ORIENTED_EDGE('',*,*,#859,.T.);
#1136=ORIENTED_EDGE('',*,*,#861,.F.);
#1137=ORIENTED_EDGE('',*,*,#851,.F.);
#1138=ORIENTED_EDGE('',*,*,#862,.F.);
#1139=ORIENTED_EDGE('',*,*,#863,.T.);
#1140=ORIENTED_EDGE('',*,*,#864,.F.);
#1141=ORIENTED_EDGE('',*,*,#865,.F.);
#1142=ORIENTED_EDGE('',*,*,#866,.F.);
#1143=ORIENTED_EDGE('',*,*,#865,.T.);
#1144=ORIENTED_EDGE('',*,*,#867,.F.);
#1145=ORIENTED_EDGE('',*,*,#868,.F.);
#1146=ORIENTED_EDGE('',*,*,#869,.F.);
#1147=ORIENTED_EDGE('',*,*,#868,.T.);
#1148=ORIENTED_EDGE('',*,*,#870,.F.);
#1149=ORIENTED_EDGE('',*,*,#871,.F.);
#1150=ORIENTED_EDGE('',*,*,#872,.F.);
#1151=ORIENTED_EDGE('',*,*,#871,.T.);
#1152=ORIENTED_EDGE('',*,*,#873,.F.);
#1153=ORIENTED_EDGE('',*,*,#874,.F.);
#1154=ORIENTED_EDGE('',*,*,#875,.F.);
#1155=ORIENTED_EDGE('',*,*,#874,.T.);
#1156=ORIENTED_EDGE('',*,*,#876,.F.);
#1157=ORIENTED_EDGE('',*,*,#877,.F.);
#1158=ORIENTED_EDGE('',*,*,#878,.T.);
#1159=ORIENTED_EDGE('',*,*,#877,.T.);
#1160=ORIENTED_EDGE('',*,*,#879,.F.);
#1161=ORIENTED_EDGE('',*,*,#880,.F.);
#1162=ORIENTED_EDGE('',*,*,#881,.F.);
#1163=ORIENTED_EDGE('',*,*,#880,.T.);
#1164=ORIENTED_EDGE('',*,*,#882,.F.);
#1165=ORIENTED_EDGE('',*,*,#883,.F.);
#1166=ORIENTED_EDGE('',*,*,#884,.T.);
#1167=ORIENTED_EDGE('',*,*,#883,.T.);
#1168=ORIENTED_EDGE('',*,*,#885,.F.);
#1169=ORIENTED_EDGE('',*,*,#863,.F.);
#1170=ORIENTED_EDGE('',*,*,#886,.F.);
#1171=ORIENTED_EDGE('',*,*,#887,.T.);
#1172=ORIENTED_EDGE('',*,*,#888,.F.);
#1173=ORIENTED_EDGE('',*,*,#889,.F.);
#1174=ORIENTED_EDGE('',*,*,#890,.F.);
#1175=ORIENTED_EDGE('',*,*,#889,.T.);
#1176=ORIENTED_EDGE('',*,*,#891,.F.);
#1177=ORIENTED_EDGE('',*,*,#892,.F.);
#1178=ORIENTED_EDGE('',*,*,#893,.F.);
#1179=ORIENTED_EDGE('',*,*,#892,.T.);
#1180=ORIENTED_EDGE('',*,*,#894,.F.);
#1181=ORIENTED_EDGE('',*,*,#895,.F.);
#1182=ORIENTED_EDGE('',*,*,#896,.F.);
#1183=ORIENTED_EDGE('',*,*,#895,.T.);
#1184=ORIENTED_EDGE('',*,*,#897,.F.);
#1185=ORIENTED_EDGE('',*,*,#898,.F.);
#1186=ORIENTED_EDGE('',*,*,#899,.F.);
#1187=ORIENTED_EDGE('',*,*,#898,.T.);
#1188=ORIENTED_EDGE('',*,*,#900,.F.);
#1189=ORIENTED_EDGE('',*,*,#901,.F.);
#1190=ORIENTED_EDGE('',*,*,#902,.T.);
#1191=ORIENTED_EDGE('',*,*,#901,.T.);
#1192=ORIENTED_EDGE('',*,*,#903,.F.);
#1193=ORIENTED_EDGE('',*,*,#904,.F.);
#1194=ORIENTED_EDGE('',*,*,#905,.F.);
#1195=ORIENTED_EDGE('',*,*,#904,.T.);
#1196=ORIENTED_EDGE('',*,*,#906,.F.);
#1197=ORIENTED_EDGE('',*,*,#907,.F.);
#1198=ORIENTED_EDGE('',*,*,#908,.T.);
#1199=ORIENTED_EDGE('',*,*,#907,.T.);
#1200=ORIENTED_EDGE('',*,*,#909,.F.);
#1201=ORIENTED_EDGE('',*,*,#887,.F.);
#1202=ORIENTED_EDGE('',*,*,#910,.F.);
#1203=ORIENTED_EDGE('',*,*,#911,.T.);
#1204=ORIENTED_EDGE('',*,*,#912,.F.);
#1205=ORIENTED_EDGE('',*,*,#913,.F.);
#1206=ORIENTED_EDGE('',*,*,#914,.F.);
#1207=ORIENTED_EDGE('',*,*,#913,.T.);
#1208=ORIENTED_EDGE('',*,*,#915,.F.);
#1209=ORIENTED_EDGE('',*,*,#916,.F.);
#1210=ORIENTED_EDGE('',*,*,#917,.F.);
#1211=ORIENTED_EDGE('',*,*,#916,.T.);
#1212=ORIENTED_EDGE('',*,*,#918,.F.);
#1213=ORIENTED_EDGE('',*,*,#919,.F.);
#1214=ORIENTED_EDGE('',*,*,#920,.F.);
#1215=ORIENTED_EDGE('',*,*,#919,.T.);
#1216=ORIENTED_EDGE('',*,*,#921,.F.);
#1217=ORIENTED_EDGE('',*,*,#922,.F.);
#1218=ORIENTED_EDGE('',*,*,#923,.F.);
#1219=ORIENTED_EDGE('',*,*,#922,.T.);
#1220=ORIENTED_EDGE('',*,*,#924,.F.);
#1221=ORIENTED_EDGE('',*,*,#925,.F.);
#1222=ORIENTED_EDGE('',*,*,#926,.T.);
#1223=ORIENTED_EDGE('',*,*,#925,.T.);
#1224=ORIENTED_EDGE('',*,*,#927,.F.);
#1225=ORIENTED_EDGE('',*,*,#928,.F.);
#1226=ORIENTED_EDGE('',*,*,#929,.F.);
#1227=ORIENTED_EDGE('',*,*,#928,.T.);
#1228=ORIENTED_EDGE('',*,*,#930,.F.);
#1229=ORIENTED_EDGE('',*,*,#931,.F.);
#1230=ORIENTED_EDGE('',*,*,#932,.T.);
#1231=ORIENTED_EDGE('',*,*,#931,.T.);
#1232=ORIENTED_EDGE('',*,*,#933,.F.);
#1233=ORIENTED_EDGE('',*,*,#911,.F.);
#1234=ORIENTED_EDGE('',*,*,#934,.F.);
#1235=ORIENTED_EDGE('',*,*,#935,.T.);
#1236=ORIENTED_EDGE('',*,*,#936,.F.);
#1237=ORIENTED_EDGE('',*,*,#937,.F.);
#1238=ORIENTED_EDGE('',*,*,#938,.F.);
#1239=ORIENTED_EDGE('',*,*,#937,.T.);
#1240=ORIENTED_EDGE('',*,*,#939,.F.);
#1241=ORIENTED_EDGE('',*,*,#940,.F.);
#1242=ORIENTED_EDGE('',*,*,#941,.F.);
#1243=ORIENTED_EDGE('',*,*,#940,.T.);
#1244=ORIENTED_EDGE('',*,*,#942,.F.);
#1245=ORIENTED_EDGE('',*,*,#943,.F.);
#1246=ORIENTED_EDGE('',*,*,#944,.F.);
#1247=ORIENTED_EDGE('',*,*,#943,.T.);
#1248=ORIENTED_EDGE('',*,*,#945,.F.);
#1249=ORIENTED_EDGE('',*,*,#946,.F.);
#1250=ORIENTED_EDGE('',*,*,#947,.F.);
#1251=ORIENTED_EDGE('',*,*,#946,.T.);
#1252=ORIENTED_EDGE('',*,*,#948,.F.);
#1253=ORIENTED_EDGE('',*,*,#949,.F.);
#1254=ORIENTED_EDGE('',*,*,#950,.T.);
#1255=ORIENTED_EDGE('',*,*,#949,.T.);
#1256=ORIENTED_EDGE('',*,*,#951,.F.);
#1257=ORIENTED_EDGE('',*,*,#952,.F.);
#1258=ORIENTED_EDGE('',*,*,#953,.F.);
#1259=ORIENTED_EDGE('',*,*,#952,.T.);
#1260=ORIENTED_EDGE('',*,*,#954,.F.);
#1261=ORIENTED_EDGE('',*,*,#955,.F.);
#1262=ORIENTED_EDGE('',*,*,#956,.T.);
#1263=ORIENTED_EDGE('',*,*,#955,.T.);
#1264=ORIENTED_EDGE('',*,*,#957,.F.);
#1265=ORIENTED_EDGE('',*,*,#935,.F.);
#1266=ORIENTED_EDGE('',*,*,#958,.F.);
#1267=ORIENTED_EDGE('',*,*,#959,.T.);
#1268=ORIENTED_EDGE('',*,*,#960,.F.);
#1269=ORIENTED_EDGE('',*,*,#961,.F.);
#1270=ORIENTED_EDGE('',*,*,#962,.F.);
#1271=ORIENTED_EDGE('',*,*,#961,.T.);
#1272=ORIENTED_EDGE('',*,*,#963,.F.);
#1273=ORIENTED_EDGE('',*,*,#964,.F.);
#1274=ORIENTED_EDGE('',*,*,#965,.F.);
#1275=ORIENTED_EDGE('',*,*,#964,.T.);
#1276=ORIENTED_EDGE('',*,*,#966,.F.);
#1277=ORIENTED_EDGE('',*,*,#967,.F.);
#1278=ORIENTED_EDGE('',*,*,#968,.F.);
#1279=ORIENTED_EDGE('',*,*,#967,.T.);
#1280=ORIENTED_EDGE('',*,*,#969,.F.);
#1281=ORIENTED_EDGE('',*,*,#970,.F.);
#1282=ORIENTED_EDGE('',*,*,#971,.F.);
#1283=ORIENTED_EDGE('',*,*,#970,.T.);
#1284=ORIENTED_EDGE('',*,*,#972,.F.);
#1285=ORIENTED_EDGE('',*,*,#973,.F.);
#1286=ORIENTED_EDGE('',*,*,#974,.T.);
#1287=ORIENTED_EDGE('',*,*,#973,.T.);
#1288=ORIENTED_EDGE('',*,*,#975,.F.);
#1289=ORIENTED_EDGE('',*,*,#976,.F.);
#1290=ORIENTED_EDGE('',*,*,#977,.F.);
#1291=ORIENTED_EDGE('',*,*,#976,.T.);
#1292=ORIENTED_EDGE('',*,*,#978,.F.);
#1293=ORIENTED_EDGE('',*,*,#979,.F.);
#1294=ORIENTED_EDGE('',*,*,#980,.T.);
#1295=ORIENTED_EDGE('',*,*,#979,.T.);
#1296=ORIENTED_EDGE('',*,*,#981,.F.);
#1297=ORIENTED_EDGE('',*,*,#959,.F.);
#1298=ORIENTED_EDGE('',*,*,#982,.F.);
#1299=ORIENTED_EDGE('',*,*,#983,.T.);
#1300=ORIENTED_EDGE('',*,*,#984,.F.);
#1301=ORIENTED_EDGE('',*,*,#985,.F.);
#1302=ORIENTED_EDGE('',*,*,#986,.F.);
#1303=ORIENTED_EDGE('',*,*,#985,.T.);
#1304=ORIENTED_EDGE('',*,*,#987,.F.);
#1305=ORIENTED_EDGE('',*,*,#988,.F.);
#1306=ORIENTED_EDGE('',*,*,#989,.F.);
#1307=ORIENTED_EDGE('',*,*,#988,.T.);
#1308=ORIENTED_EDGE('',*,*,#990,.F.);
#1309=ORIENTED_EDGE('',*,*,#991,.F.);
#1310=ORIENTED_EDGE('',*,*,#992,.F.);
#1311=ORIENTED_EDGE('',*,*,#991,.T.);
#1312=ORIENTED_EDGE('',*,*,#993,.F.);
#1313=ORIENTED_EDGE('',*,*,#994,.F.);
#1314=ORIENTED_EDGE('',*,*,#995,.T.);
#1315=ORIENTED_EDGE('',*,*,#994,.T.);
#1316=ORIENTED_EDGE('',*,*,#996,.F.);
#1317=ORIENTED_EDGE('',*,*,#997,.F.);
#1318=ORIENTED_EDGE('',*,*,#998,.F.);
#1319=ORIENTED_EDGE('',*,*,#997,.T.);
#1320=ORIENTED_EDGE('',*,*,#999,.F.);
#1321=ORIENTED_EDGE('',*,*,#1000,.F.);
#1322=ORIENTED_EDGE('',*,*,#1001,.T.);
#1323=ORIENTED_EDGE('',*,*,#1000,.T.);
#1324=ORIENTED_EDGE('',*,*,#1002,.F.);
#1325=ORIENTED_EDGE('',*,*,#1003,.F.);
#1326=ORIENTED_EDGE('',*,*,#1004,.F.);
#1327=ORIENTED_EDGE('',*,*,#1003,.T.);
#1328=ORIENTED_EDGE('',*,*,#1005,.F.);
#1329=ORIENTED_EDGE('',*,*,#983,.F.);
#1330=ORIENTED_EDGE('',*,*,#1006,.F.);
#1331=ORIENTED_EDGE('',*,*,#1007,.T.);
#1332=ORIENTED_EDGE('',*,*,#1008,.F.);
#1333=ORIENTED_EDGE('',*,*,#1009,.F.);
#1334=ORIENTED_EDGE('',*,*,#1010,.F.);
#1335=ORIENTED_EDGE('',*,*,#1009,.T.);
#1336=ORIENTED_EDGE('',*,*,#1011,.F.);
#1337=ORIENTED_EDGE('',*,*,#1012,.F.);
#1338=ORIENTED_EDGE('',*,*,#1013,.T.);
#1339=ORIENTED_EDGE('',*,*,#1012,.T.);
#1340=ORIENTED_EDGE('',*,*,#1014,.F.);
#1341=ORIENTED_EDGE('',*,*,#1015,.F.);
#1342=ORIENTED_EDGE('',*,*,#1016,.T.);
#1343=ORIENTED_EDGE('',*,*,#1015,.T.);
#1344=ORIENTED_EDGE('',*,*,#1017,.F.);
#1345=ORIENTED_EDGE('',*,*,#1007,.F.);
#1346=ORIENTED_EDGE('',*,*,#1017,.T.);
#1347=ORIENTED_EDGE('',*,*,#1014,.T.);
#1348=ORIENTED_EDGE('',*,*,#1011,.T.);
#1349=ORIENTED_EDGE('',*,*,#1008,.T.);
#1350=ORIENTED_EDGE('',*,*,#1005,.T.);
#1351=ORIENTED_EDGE('',*,*,#1002,.T.);
#1352=ORIENTED_EDGE('',*,*,#999,.T.);
#1353=ORIENTED_EDGE('',*,*,#996,.T.);
#1354=ORIENTED_EDGE('',*,*,#993,.T.);
#1355=ORIENTED_EDGE('',*,*,#990,.T.);
#1356=ORIENTED_EDGE('',*,*,#987,.T.);
#1357=ORIENTED_EDGE('',*,*,#984,.T.);
#1358=ORIENTED_EDGE('',*,*,#981,.T.);
#1359=ORIENTED_EDGE('',*,*,#978,.T.);
#1360=ORIENTED_EDGE('',*,*,#975,.T.);
#1361=ORIENTED_EDGE('',*,*,#972,.T.);
#1362=ORIENTED_EDGE('',*,*,#969,.T.);
#1363=ORIENTED_EDGE('',*,*,#966,.T.);
#1364=ORIENTED_EDGE('',*,*,#963,.T.);
#1365=ORIENTED_EDGE('',*,*,#960,.T.);
#1366=ORIENTED_EDGE('',*,*,#957,.T.);
#1367=ORIENTED_EDGE('',*,*,#954,.T.);
#1368=ORIENTED_EDGE('',*,*,#951,.T.);
#1369=ORIENTED_EDGE('',*,*,#948,.T.);
#1370=ORIENTED_EDGE('',*,*,#945,.T.);
#1371=ORIENTED_EDGE('',*,*,#942,.T.);
#1372=ORIENTED_EDGE('',*,*,#939,.T.);
#1373=ORIENTED_EDGE('',*,*,#936,.T.);
#1374=ORIENTED_EDGE('',*,*,#933,.T.);
#1375=ORIENTED_EDGE('',*,*,#930,.T.);
#1376=ORIENTED_EDGE('',*,*,#927,.T.);
#1377=ORIENTED_EDGE('',*,*,#924,.T.);
#1378=ORIENTED_EDGE('',*,*,#921,.T.);
#1379=ORIENTED_EDGE('',*,*,#918,.T.);
#1380=ORIENTED_EDGE('',*,*,#915,.T.);
#1381=ORIENTED_EDGE('',*,*,#912,.T.);
#1382=ORIENTED_EDGE('',*,*,#909,.T.);
#1383=ORIENTED_EDGE('',*,*,#906,.T.);
#1384=ORIENTED_EDGE('',*,*,#903,.T.);
#1385=ORIENTED_EDGE('',*,*,#900,.T.);
#1386=ORIENTED_EDGE('',*,*,#897,.T.);
#1387=ORIENTED_EDGE('',*,*,#894,.T.);
#1388=ORIENTED_EDGE('',*,*,#891,.T.);
#1389=ORIENTED_EDGE('',*,*,#888,.T.);
#1390=ORIENTED_EDGE('',*,*,#885,.T.);
#1391=ORIENTED_EDGE('',*,*,#882,.T.);
#1392=ORIENTED_EDGE('',*,*,#879,.T.);
#1393=ORIENTED_EDGE('',*,*,#876,.T.);
#1394=ORIENTED_EDGE('',*,*,#873,.T.);
#1395=ORIENTED_EDGE('',*,*,#870,.T.);
#1396=ORIENTED_EDGE('',*,*,#867,.T.);
#1397=ORIENTED_EDGE('',*,*,#864,.T.);
#1398=ORIENTED_EDGE('',*,*,#861,.T.);
#1399=ORIENTED_EDGE('',*,*,#858,.T.);
#1400=ORIENTED_EDGE('',*,*,#855,.T.);
#1401=ORIENTED_EDGE('',*,*,#852,.T.);
#1402=ORIENTED_EDGE('',*,*,#1016,.F.);
#1403=ORIENTED_EDGE('',*,*,#1006,.T.);
#1404=ORIENTED_EDGE('',*,*,#1010,.T.);
#1405=ORIENTED_EDGE('',*,*,#1013,.F.);
#1406=ORIENTED_EDGE('',*,*,#1004,.T.);
#1407=ORIENTED_EDGE('',*,*,#982,.T.);
#1408=ORIENTED_EDGE('',*,*,#986,.T.);
#1409=ORIENTED_EDGE('',*,*,#989,.T.);
#1410=ORIENTED_EDGE('',*,*,#992,.T.);
#1411=ORIENTED_EDGE('',*,*,#995,.F.);
#1412=ORIENTED_EDGE('',*,*,#998,.T.);
#1413=ORIENTED_EDGE('',*,*,#1001,.F.);
#1414=ORIENTED_EDGE('',*,*,#980,.F.);
#1415=ORIENTED_EDGE('',*,*,#958,.T.);
#1416=ORIENTED_EDGE('',*,*,#962,.T.);
#1417=ORIENTED_EDGE('',*,*,#965,.T.);
#1418=ORIENTED_EDGE('',*,*,#968,.T.);
#1419=ORIENTED_EDGE('',*,*,#971,.T.);
#1420=ORIENTED_EDGE('',*,*,#974,.F.);
#1421=ORIENTED_EDGE('',*,*,#977,.T.);
#1422=ORIENTED_EDGE('',*,*,#956,.F.);
#1423=ORIENTED_EDGE('',*,*,#934,.T.);
#1424=ORIENTED_EDGE('',*,*,#938,.T.);
#1425=ORIENTED_EDGE('',*,*,#941,.T.);
#1426=ORIENTED_EDGE('',*,*,#944,.T.);
#1427=ORIENTED_EDGE('',*,*,#947,.T.);
#1428=ORIENTED_EDGE('',*,*,#950,.F.);
#1429=ORIENTED_EDGE('',*,*,#953,.T.);
#1430=ORIENTED_EDGE('',*,*,#932,.F.);
#1431=ORIENTED_EDGE('',*,*,#910,.T.);
#1432=ORIENTED_EDGE('',*,*,#914,.T.);
#1433=ORIENTED_EDGE('',*,*,#917,.T.);
#1434=ORIENTED_EDGE('',*,*,#920,.T.);
#1435=ORIENTED_EDGE('',*,*,#923,.T.);
#1436=ORIENTED_EDGE('',*,*,#926,.F.);
#1437=ORIENTED_EDGE('',*,*,#929,.T.);
#1438=ORIENTED_EDGE('',*,*,#908,.F.);
#1439=ORIENTED_EDGE('',*,*,#886,.T.);
#1440=ORIENTED_EDGE('',*,*,#890,.T.);
#1441=ORIENTED_EDGE('',*,*,#893,.T.);
#1442=ORIENTED_EDGE('',*,*,#896,.T.);
#1443=ORIENTED_EDGE('',*,*,#899,.T.);
#1444=ORIENTED_EDGE('',*,*,#902,.F.);
#1445=ORIENTED_EDGE('',*,*,#905,.T.);
#1446=ORIENTED_EDGE('',*,*,#884,.F.);
#1447=ORIENTED_EDGE('',*,*,#862,.T.);
#1448=ORIENTED_EDGE('',*,*,#866,.T.);
#1449=ORIENTED_EDGE('',*,*,#869,.T.);
#1450=ORIENTED_EDGE('',*,*,#872,.T.);
#1451=ORIENTED_EDGE('',*,*,#875,.T.);
#1452=ORIENTED_EDGE('',*,*,#878,.F.);
#1453=ORIENTED_EDGE('',*,*,#881,.T.);
#1454=ORIENTED_EDGE('',*,*,#860,.T.);
#1455=ORIENTED_EDGE('',*,*,#850,.T.);
#1456=ORIENTED_EDGE('',*,*,#854,.T.);
#1457=ORIENTED_EDGE('',*,*,#857,.T.);
#1458=PLANE('',#1624);
#1459=PLANE('',#1625);
#1460=PLANE('',#1626);
#1461=PLANE('',#1627);
#1462=PLANE('',#1628);
#1463=PLANE('',#1629);
#1464=PLANE('',#1630);
#1465=PLANE('',#1631);
#1466=PLANE('',#1632);
#1467=PLANE('',#1645);
#1468=PLANE('',#1646);
#1469=PLANE('',#1647);
#1470=PLANE('',#1648);
#1471=PLANE('',#1649);
#1472=PLANE('',#1650);
#1473=PLANE('',#1651);
#1474=PLANE('',#1653);
#1475=PLANE('',#1654);
#1476=PLANE('',#1655);
#1477=PLANE('',#1656);
#1478=PLANE('',#1660);
#1479=PLANE('',#1664);
#1480=PLANE('',#1668);
#1481=PLANE('',#1672);
#1482=PLANE('',#1676);
#1483=PLANE('',#1680);
#1484=PLANE('',#1684);
#1485=PLANE('',#1688);
#1486=PLANE('',#1692);
#1487=PLANE('',#1696);
#1488=PLANE('',#1700);
#1489=PLANE('',#1704);
#1490=PLANE('',#1708);
#1491=PLANE('',#1712);
#1492=PLANE('',#1716);
#1493=PLANE('',#1720);
#1494=PLANE('',#1724);
#1495=PLANE('',#1728);
#1496=PLANE('',#1732);
#1497=PLANE('',#1736);
#1498=PLANE('',#1737);
#1499=PLANE('',#1741);
#1500=PLANE('',#1745);
#1501=PLANE('',#1749);
#1502=PLANE('',#1753);
#1503=PLANE('',#1754);
#1504=PLANE('',#1755);
#1505=PLANE('',#1756);
#1506=PLANE('',#1757);
#1507=PLANE('',#1758);
#1508=ADVANCED_FACE('',(#144),#1458,.F.);
#1509=ADVANCED_FACE('',(#145),#1459,.F.);
#1510=ADVANCED_FACE('',(#146),#1460,.F.);
#1511=ADVANCED_FACE('',(#147),#1461,.F.);
#1512=ADVANCED_FACE('',(#148),#1462,.F.);
#1513=ADVANCED_FACE('',(#149),#1463,.T.);
#1514=ADVANCED_FACE('',(#150),#1464,.T.);
#1515=ADVANCED_FACE('',(#151),#1465,.T.);
#1516=ADVANCED_FACE('',(#152),#1466,.T.);
#1517=ADVANCED_FACE('',(#153),#116,.F.);
#1518=ADVANCED_FACE('',(#154),#117,.F.);
#1519=ADVANCED_FACE('',(#155),#118,.F.);
#1520=ADVANCED_FACE('',(#156),#119,.F.);
#1521=ADVANCED_FACE('',(#157),#1467,.T.);
#1522=ADVANCED_FACE('',(#158),#1468,.T.);
#1523=ADVANCED_FACE('',(#159,#36),#1469,.T.);
#1524=ADVANCED_FACE('',(#160),#1470,.T.);
#1525=ADVANCED_FACE('',(#161,#37,#38,#39,#40,#41),#1471,.T.);
#1526=ADVANCED_FACE('',(#162),#1472,.T.);
#1527=ADVANCED_FACE('',(#163,#42,#43,#44,#45),#1473,.F.);
#1528=ADVANCED_FACE('',(#164),#1474,.T.);
#1529=ADVANCED_FACE('',(#165),#1475,.T.);
#1530=ADVANCED_FACE('',(#166),#1476,.T.);
#1531=ADVANCED_FACE('',(#167),#1477,.T.);
#1532=ADVANCED_FACE('',(#168),#120,.F.);
#1533=ADVANCED_FACE('',(#169),#1478,.T.);
#1534=ADVANCED_FACE('',(#170),#121,.F.);
#1535=ADVANCED_FACE('',(#171),#1479,.T.);
#1536=ADVANCED_FACE('',(#172),#122,.F.);
#1537=ADVANCED_FACE('',(#173),#1480,.T.);
#1538=ADVANCED_FACE('',(#174),#123,.F.);
#1539=ADVANCED_FACE('',(#175),#1481,.T.);
#1540=ADVANCED_FACE('',(#176),#124,.F.);
#1541=ADVANCED_FACE('',(#177),#1482,.T.);
#1542=ADVANCED_FACE('',(#178),#125,.F.);
#1543=ADVANCED_FACE('',(#179),#1483,.T.);
#1544=ADVANCED_FACE('',(#180),#126,.F.);
#1545=ADVANCED_FACE('',(#181),#1484,.T.);
#1546=ADVANCED_FACE('',(#182),#127,.F.);
#1547=ADVANCED_FACE('',(#183),#1485,.T.);
#1548=ADVANCED_FACE('',(#184),#128,.F.);
#1549=ADVANCED_FACE('',(#185),#1486,.T.);
#1550=ADVANCED_FACE('',(#186),#129,.F.);
#1551=ADVANCED_FACE('',(#187),#1487,.T.);
#1552=ADVANCED_FACE('',(#188),#130,.F.);
#1553=ADVANCED_FACE('',(#189),#1488,.T.);
#1554=ADVANCED_FACE('',(#190),#131,.F.);
#1555=ADVANCED_FACE('',(#191),#1489,.T.);
#1556=ADVANCED_FACE('',(#192),#132,.F.);
#1557=ADVANCED_FACE('',(#193),#1490,.T.);
#1558=ADVANCED_FACE('',(#194),#133,.F.);
#1559=ADVANCED_FACE('',(#195),#1491,.T.);
#1560=ADVANCED_FACE('',(#196),#134,.F.);
#1561=ADVANCED_FACE('',(#197),#1492,.T.);
#1562=ADVANCED_FACE('',(#198),#135,.F.);
#1563=ADVANCED_FACE('',(#199),#1493,.T.);
#1564=ADVANCED_FACE('',(#200),#136,.F.);
#1565=ADVANCED_FACE('',(#201),#1494,.T.);
#1566=ADVANCED_FACE('',(#202),#137,.F.);
#1567=ADVANCED_FACE('',(#203),#1495,.T.);
#1568=ADVANCED_FACE('',(#204),#138,.F.);
#1569=ADVANCED_FACE('',(#205),#1496,.T.);
#1570=ADVANCED_FACE('',(#206),#139,.F.);
#1571=ADVANCED_FACE('',(#207),#1497,.T.);
#1572=ADVANCED_FACE('',(#208),#1498,.T.);
#1573=ADVANCED_FACE('',(#209),#140,.F.);
#1574=ADVANCED_FACE('',(#210),#1499,.T.);
#1575=ADVANCED_FACE('',(#211),#141,.F.);
#1576=ADVANCED_FACE('',(#212),#1500,.T.);
#1577=ADVANCED_FACE('',(#213),#142,.F.);
#1578=ADVANCED_FACE('',(#214),#1501,.T.);
#1579=ADVANCED_FACE('',(#215),#143,.F.);
#1580=ADVANCED_FACE('',(#216),#1502,.T.);
#1581=ADVANCED_FACE('',(#217),#1503,.T.);
#1582=ADVANCED_FACE('',(#218),#1504,.T.);
#1583=ADVANCED_FACE('',(#219),#1505,.T.);
#1584=ADVANCED_FACE('',(#220,#46,#47,#48,#49,#50,#51,#52),#1506,.T.);
#1585=ADVANCED_FACE('',(#221,#53,#54,#55,#56,#57,#58,#59),#1507,.F.);
#1586=CLOSED_SHELL('',(#1508,#1509,#1510,#1511,#1512,#1513,#1514,#1515,
#1516,#1517,#1518,#1519,#1520,#1521,#1522,#1523,#1524,#1525,#1526,#1527));
#1587=CLOSED_SHELL('',(#1528,#1529,#1530,#1531,#1532,#1533,#1534,#1535,
#1536,#1537,#1538,#1539,#1540,#1541,#1542,#1543,#1544,#1545,#1546,#1547,
#1548,#1549,#1550,#1551,#1552,#1553,#1554,#1555,#1556,#1557,#1558,#1559,
#1560,#1561,#1562,#1563,#1564,#1565,#1566,#1567,#1568,#1569,#1570,#1571,
#1572,#1573,#1574,#1575,#1576,#1577,#1578,#1579,#1580,#1581,#1582,#1583,
#1584,#1585));
#1588=DERIVED_UNIT_ELEMENT(#1594,1.);
#1589=DERIVED_UNIT_ELEMENT(#2675,-3.);
#1590=DERIVED_UNIT_ELEMENT(#1594,1.);
#1591=DERIVED_UNIT_ELEMENT(#2675,-3.);
#1592=DERIVED_UNIT_ELEMENT(#1594,1.);
#1593=DERIVED_UNIT_ELEMENT(#2675,-3.);
#1594=(
MASS_UNIT()
NAMED_UNIT(*)
SI_UNIT(.KILO.,.GRAM.)
);
#1595=DERIVED_UNIT((#1588,#1589));
#1596=DERIVED_UNIT((#1590,#1591));
#1597=DERIVED_UNIT((#1592,#1593));
#1598=MEASURE_REPRESENTATION_ITEM('density measure',
POSITIVE_RATIO_MEASURE(7850.),#1595);
#1599=MEASURE_REPRESENTATION_ITEM('density measure',
POSITIVE_RATIO_MEASURE(7850.),#1596);
#1600=MEASURE_REPRESENTATION_ITEM('density measure',
POSITIVE_RATIO_MEASURE(7850.),#1597);
#1601=PROPERTY_DEFINITION_REPRESENTATION(#1616,#1607);
#1602=PROPERTY_DEFINITION_REPRESENTATION(#1617,#1608);
#1603=PROPERTY_DEFINITION_REPRESENTATION(#1618,#1609);
#1604=PROPERTY_DEFINITION_REPRESENTATION(#1619,#1610);
#1605=PROPERTY_DEFINITION_REPRESENTATION(#1620,#1611);
#1606=PROPERTY_DEFINITION_REPRESENTATION(#1621,#1612);
#1607=REPRESENTATION('material name',(#1613),#2670);
#1608=REPRESENTATION('density',(#1598),#2670);
#1609=REPRESENTATION('material name',(#1614),#2671);
#1610=REPRESENTATION('density',(#1599),#2671);
#1611=REPRESENTATION('material name',(#1615),#2672);
#1612=REPRESENTATION('density',(#1600),#2672);
#1613=DESCRIPTIVE_REPRESENTATION_ITEM('Steel','Steel');
#1614=DESCRIPTIVE_REPRESENTATION_ITEM('Steel','Steel');
#1615=DESCRIPTIVE_REPRESENTATION_ITEM('Steel','Steel');
#1616=PROPERTY_DEFINITION('material property','material name',#2695);
#1617=PROPERTY_DEFINITION('material property','density of part',#2695);
#1618=PROPERTY_DEFINITION('material property','material name',#2696);
#1619=PROPERTY_DEFINITION('material property','density of part',#2696);
#1620=PROPERTY_DEFINITION('material property','material name',#2697);
#1621=PROPERTY_DEFINITION('material property','density of part',#2697);
#1622=AXIS2_PLACEMENT_3D('',#2212,#1764,#1765);
#1623=AXIS2_PLACEMENT_3D('',#2213,#1766,#1767);
#1624=AXIS2_PLACEMENT_3D('',#2214,#1768,#1769);
#1625=AXIS2_PLACEMENT_3D('',#2223,#1774,#1775);
#1626=AXIS2_PLACEMENT_3D('',#2232,#1780,#1781);
#1627=AXIS2_PLACEMENT_3D('',#2237,#1785,#1786);
#1628=AXIS2_PLACEMENT_3D('',#2241,#1789,#1790);
#1629=AXIS2_PLACEMENT_3D('',#2244,#1793,#1794);
#1630=AXIS2_PLACEMENT_3D('',#2254,#1800,#1801);
#1631=AXIS2_PLACEMENT_3D('',#2260,#1805,#1806);
#1632=AXIS2_PLACEMENT_3D('',#2266,#1810,#1811);
#1633=AXIS2_PLACEMENT_3D('',#2269,#1814,#1815);
#1634=AXIS2_PLACEMENT_3D('',#2271,#1816,#1817);
#1635=AXIS2_PLACEMENT_3D('',#2274,#1819,#1820);
#1636=AXIS2_PLACEMENT_3D('',#2275,#1821,#1822);
#1637=AXIS2_PLACEMENT_3D('',#2277,#1823,#1824);
#1638=AXIS2_PLACEMENT_3D('',#2280,#1826,#1827);
#1639=AXIS2_PLACEMENT_3D('',#2281,#1828,#1829);
#1640=AXIS2_PLACEMENT_3D('',#2283,#1830,#1831);
#1641=AXIS2_PLACEMENT_3D('',#2286,#1833,#1834);
#1642=AXIS2_PLACEMENT_3D('',#2287,#1835,#1836);
#1643=AXIS2_PLACEMENT_3D('',#2289,#1837,#1838);
#1644=AXIS2_PLACEMENT_3D('',#2292,#1840,#1841);
#1645=AXIS2_PLACEMENT_3D('',#2293,#1842,#1843);
#1646=AXIS2_PLACEMENT_3D('',#2302,#1848,#1849);
#1647=AXIS2_PLACEMENT_3D('',#2308,#1853,#1854);
#1648=AXIS2_PLACEMENT_3D('',#2314,#1858,#1859);
#1649=AXIS2_PLACEMENT_3D('',#2317,#1862,#1863);
#1650=AXIS2_PLACEMENT_3D('',#2318,#1864,#1865);
#1651=AXIS2_PLACEMENT_3D('',#2319,#1866,#1867);
#1652=AXIS2_PLACEMENT_3D('',#2320,#1868,#1869);
#1653=AXIS2_PLACEMENT_3D('',#2321,#1870,#1871);
#1654=AXIS2_PLACEMENT_3D('',#2330,#1876,#1877);
#1655=AXIS2_PLACEMENT_3D('',#2336,#1881,#1882);
#1656=AXIS2_PLACEMENT_3D('',#2342,#1886,#1887);
#1657=AXIS2_PLACEMENT_3D('',#2345,#1890,#1891);
#1658=AXIS2_PLACEMENT_3D('',#2348,#1892,#1893);
#1659=AXIS2_PLACEMENT_3D('',#2352,#1895,#1896);
#1660=AXIS2_PLACEMENT_3D('',#2354,#1898,#1899);
#1661=AXIS2_PLACEMENT_3D('',#2360,#1903,#1904);
#1662=AXIS2_PLACEMENT_3D('',#2362,#1905,#1906);
#1663=AXIS2_PLACEMENT_3D('',#2364,#1907,#1908);
#1664=AXIS2_PLACEMENT_3D('',#2366,#1910,#1911);
#1665=AXIS2_PLACEMENT_3D('',#2372,#1915,#1916);
#1666=AXIS2_PLACEMENT_3D('',#2374,#1917,#1918);
#1667=AXIS2_PLACEMENT_3D('',#2376,#1919,#1920);
#1668=AXIS2_PLACEMENT_3D('',#2378,#1922,#1923);
#1669=AXIS2_PLACEMENT_3D('',#2384,#1927,#1928);
#1670=AXIS2_PLACEMENT_3D('',#2386,#1929,#1930);
#1671=AXIS2_PLACEMENT_3D('',#2388,#1931,#1932);
#1672=AXIS2_PLACEMENT_3D('',#2390,#1934,#1935);
#1673=AXIS2_PLACEMENT_3D('',#2393,#1938,#1939);
#1674=AXIS2_PLACEMENT_3D('',#2396,#1940,#1941);
#1675=AXIS2_PLACEMENT_3D('',#2400,#1943,#1944);
#1676=AXIS2_PLACEMENT_3D('',#2402,#1946,#1947);
#1677=AXIS2_PLACEMENT_3D('',#2408,#1951,#1952);
#1678=AXIS2_PLACEMENT_3D('',#2410,#1953,#1954);
#1679=AXIS2_PLACEMENT_3D('',#2412,#1955,#1956);
#1680=AXIS2_PLACEMENT_3D('',#2414,#1958,#1959);
#1681=AXIS2_PLACEMENT_3D('',#2420,#1963,#1964);
#1682=AXIS2_PLACEMENT_3D('',#2422,#1965,#1966);
#1683=AXIS2_PLACEMENT_3D('',#2424,#1967,#1968);
#1684=AXIS2_PLACEMENT_3D('',#2426,#1970,#1971);
#1685=AXIS2_PLACEMENT_3D('',#2432,#1975,#1976);
#1686=AXIS2_PLACEMENT_3D('',#2434,#1977,#1978);
#1687=AXIS2_PLACEMENT_3D('',#2436,#1979,#1980);
#1688=AXIS2_PLACEMENT_3D('',#2438,#1982,#1983);
#1689=AXIS2_PLACEMENT_3D('',#2441,#1986,#1987);
#1690=AXIS2_PLACEMENT_3D('',#2444,#1988,#1989);
#1691=AXIS2_PLACEMENT_3D('',#2448,#1991,#1992);
#1692=AXIS2_PLACEMENT_3D('',#2450,#1994,#1995);
#1693=AXIS2_PLACEMENT_3D('',#2456,#1999,#2000);
#1694=AXIS2_PLACEMENT_3D('',#2458,#2001,#2002);
#1695=AXIS2_PLACEMENT_3D('',#2460,#2003,#2004);
#1696=AXIS2_PLACEMENT_3D('',#2462,#2006,#2007);
#1697=AXIS2_PLACEMENT_3D('',#2468,#2011,#2012);
#1698=AXIS2_PLACEMENT_3D('',#2470,#2013,#2014);
#1699=AXIS2_PLACEMENT_3D('',#2472,#2015,#2016);
#1700=AXIS2_PLACEMENT_3D('',#2474,#2018,#2019);
#1701=AXIS2_PLACEMENT_3D('',#2480,#2023,#2024);
#1702=AXIS2_PLACEMENT_3D('',#2482,#2025,#2026);
#1703=AXIS2_PLACEMENT_3D('',#2484,#2027,#2028);
#1704=AXIS2_PLACEMENT_3D('',#2486,#2030,#2031);
#1705=AXIS2_PLACEMENT_3D('',#2489,#2034,#2035);
#1706=AXIS2_PLACEMENT_3D('',#2492,#2036,#2037);
#1707=AXIS2_PLACEMENT_3D('',#2496,#2039,#2040);
#1708=AXIS2_PLACEMENT_3D('',#2498,#2042,#2043);
#1709=AXIS2_PLACEMENT_3D('',#2504,#2047,#2048);
#1710=AXIS2_PLACEMENT_3D('',#2506,#2049,#2050);
#1711=AXIS2_PLACEMENT_3D('',#2508,#2051,#2052);
#1712=AXIS2_PLACEMENT_3D('',#2510,#2054,#2055);
#1713=AXIS2_PLACEMENT_3D('',#2516,#2059,#2060);
#1714=AXIS2_PLACEMENT_3D('',#2518,#2061,#2062);
#1715=AXIS2_PLACEMENT_3D('',#2520,#2063,#2064);
#1716=AXIS2_PLACEMENT_3D('',#2522,#2066,#2067);
#1717=AXIS2_PLACEMENT_3D('',#2528,#2071,#2072);
#1718=AXIS2_PLACEMENT_3D('',#2530,#2073,#2074);
#1719=AXIS2_PLACEMENT_3D('',#2532,#2075,#2076);
#1720=AXIS2_PLACEMENT_3D('',#2534,#2078,#2079);
#1721=AXIS2_PLACEMENT_3D('',#2537,#2082,#2083);
#1722=AXIS2_PLACEMENT_3D('',#2540,#2084,#2085);
#1723=AXIS2_PLACEMENT_3D('',#2544,#2087,#2088);
#1724=AXIS2_PLACEMENT_3D('',#2546,#2090,#2091);
#1725=AXIS2_PLACEMENT_3D('',#2552,#2095,#2096);
#1726=AXIS2_PLACEMENT_3D('',#2554,#2097,#2098);
#1727=AXIS2_PLACEMENT_3D('',#2556,#2099,#2100);
#1728=AXIS2_PLACEMENT_3D('',#2558,#2102,#2103);
#1729=AXIS2_PLACEMENT_3D('',#2564,#2107,#2108);
#1730=AXIS2_PLACEMENT_3D('',#2566,#2109,#2110);
#1731=AXIS2_PLACEMENT_3D('',#2568,#2111,#2112);
#1732=AXIS2_PLACEMENT_3D('',#2570,#2114,#2115);
#1733=AXIS2_PLACEMENT_3D('',#2576,#2119,#2120);
#1734=AXIS2_PLACEMENT_3D('',#2578,#2121,#2122);
#1735=AXIS2_PLACEMENT_3D('',#2580,#2123,#2124);
#1736=AXIS2_PLACEMENT_3D('',#2582,#2126,#2127);
#1737=AXIS2_PLACEMENT_3D('',#2585,#2130,#2131);
#1738=AXIS2_PLACEMENT_3D('',#2594,#2136,#2137);
#1739=AXIS2_PLACEMENT_3D('',#2596,#2138,#2139);
#1740=AXIS2_PLACEMENT_3D('',#2598,#2140,#2141);
#1741=AXIS2_PLACEMENT_3D('',#2600,#2143,#2144);
#1742=AXIS2_PLACEMENT_3D('',#2606,#2148,#2149);
#1743=AXIS2_PLACEMENT_3D('',#2608,#2150,#2151);
#1744=AXIS2_PLACEMENT_3D('',#2610,#2152,#2153);
#1745=AXIS2_PLACEMENT_3D('',#2612,#2155,#2156);
#1746=AXIS2_PLACEMENT_3D('',#2618,#2160,#2161);
#1747=AXIS2_PLACEMENT_3D('',#2620,#2162,#2163);
#1748=AXIS2_PLACEMENT_3D('',#2622,#2164,#2165);
#1749=AXIS2_PLACEMENT_3D('',#2624,#2167,#2168);
#1750=AXIS2_PLACEMENT_3D('',#2630,#2172,#2173);
#1751=AXIS2_PLACEMENT_3D('',#2631,#2174,#2175);
#1752=AXIS2_PLACEMENT_3D('',#2632,#2176,#2177);
#1753=AXIS2_PLACEMENT_3D('',#2633,#2178,#2179);
#1754=AXIS2_PLACEMENT_3D('',#2642,#2184,#2185);
#1755=AXIS2_PLACEMENT_3D('',#2648,#2189,#2190);
#1756=AXIS2_PLACEMENT_3D('',#2654,#2194,#2195);
#1757=AXIS2_PLACEMENT_3D('',#2657,#2198,#2199);
#1758=AXIS2_PLACEMENT_3D('',#2658,#2200,#2201);
#1759=AXIS2_PLACEMENT_3D('',#2659,#2202,#2203);
#1760=AXIS2_PLACEMENT_3D('',#2660,#2204,#2205);
#1761=AXIS2_PLACEMENT_3D('',#2661,#2206,#2207);
#1762=AXIS2_PLACEMENT_3D('',#2662,#2208,#2209);
#1763=AXIS2_PLACEMENT_3D('',#2663,#2210,#2211);
#1764=DIRECTION('axis',(0.,0.,1.));
#1765=DIRECTION('refdir',(1.,0.,0.));
#1766=DIRECTION('axis',(0.,0.,1.));
#1767=DIRECTION('refdir',(1.,0.,0.));
#1768=DIRECTION('center_axis',(-1.,0.,0.));
#1769=DIRECTION('ref_axis',(0.,0.,1.));
#1770=DIRECTION('',(0.,1.,0.));
#1771=DIRECTION('',(0.,0.,1.));
#1772=DIRECTION('',(0.,-1.,0.));
#1773=DIRECTION('',(0.,0.,-1.));
#1774=DIRECTION('center_axis',(0.,0.,1.));
#1775=DIRECTION('ref_axis',(0.,1.,0.));
#1776=DIRECTION('',(0.,1.,0.));
#1777=DIRECTION('',(-1.,0.,0.));
#1778=DIRECTION('',(0.,-1.,0.));
#1779=DIRECTION('',(-1.,0.,0.));
#1780=DIRECTION('center_axis',(0.,-1.,0.));
#1781=DIRECTION('ref_axis',(0.,0.,1.));
#1782=DIRECTION('',(0.,0.,1.));
#1783=DIRECTION('',(-1.,0.,0.));
#1784=DIRECTION('',(0.,0.,-1.));
#1785=DIRECTION('center_axis',(0.,0.,-1.));
#1786=DIRECTION('ref_axis',(0.,-1.,0.));
#1787=DIRECTION('',(0.,-1.,0.));
#1788=DIRECTION('',(-1.,0.,0.));
#1789=DIRECTION('center_axis',(0.,1.,0.));
#1790=DIRECTION('ref_axis',(0.,0.,-1.));
#1791=DIRECTION('',(0.,0.,-1.));
#1792=DIRECTION('',(0.,0.,1.));
#1793=DIRECTION('center_axis',(-1.,0.,0.));
#1794=DIRECTION('ref_axis',(0.,-1.,0.));
#1795=DIRECTION('',(0.,1.,0.));
#1796=DIRECTION('',(0.,0.,1.));
#1797=DIRECTION('',(0.,-1.,0.));
#1798=DIRECTION('',(0.,0.,1.));
#1799=DIRECTION('',(0.,1.,0.));
#1800=DIRECTION('center_axis',(0.,1.,0.));
#1801=DIRECTION('ref_axis',(-1.,0.,0.));
#1802=DIRECTION('',(1.,0.,0.));
#1803=DIRECTION('',(0.,0.,1.));
#1804=DIRECTION('',(-1.,0.,0.));
#1805=DIRECTION('center_axis',(0.,-1.,0.));
#1806=DIRECTION('ref_axis',(1.,0.,0.));
#1807=DIRECTION('',(-1.,0.,0.));
#1808=DIRECTION('',(1.,0.,0.));
#1809=DIRECTION('',(0.,0.,1.));
#1810=DIRECTION('center_axis',(1.,0.,0.));
#1811=DIRECTION('ref_axis',(0.,1.,0.));
#1812=DIRECTION('',(0.,-1.,0.));
#1813=DIRECTION('',(0.,1.,0.));
#1814=DIRECTION('center_axis',(0.,0.,1.));
#1815=DIRECTION('ref_axis',(1.,0.,0.));
#1816=DIRECTION('center_axis',(0.,0.,-1.));
#1817=DIRECTION('ref_axis',(1.,0.,0.));
#1818=DIRECTION('',(0.,0.,-1.));
#1819=DIRECTION('center_axis',(0.,0.,-1.));
#1820=DIRECTION('ref_axis',(1.,0.,0.));
#1821=DIRECTION('center_axis',(0.,0.,1.));
#1822=DIRECTION('ref_axis',(1.,0.,0.));
#1823=DIRECTION('center_axis',(0.,0.,-1.));
#1824=DIRECTION('ref_axis',(1.,0.,0.));
#1825=DIRECTION('',(0.,0.,-1.));
#1826=DIRECTION('center_axis',(0.,0.,-1.));
#1827=DIRECTION('ref_axis',(1.,0.,0.));
#1828=DIRECTION('center_axis',(0.,0.,1.));
#1829=DIRECTION('ref_axis',(1.,0.,0.));
#1830=DIRECTION('center_axis',(0.,0.,-1.));
#1831=DIRECTION('ref_axis',(1.,0.,0.));
#1832=DIRECTION('',(0.,0.,-1.));
#1833=DIRECTION('center_axis',(0.,0.,-1.));
#1834=DIRECTION('ref_axis',(1.,0.,0.));
#1835=DIRECTION('center_axis',(0.,0.,1.));
#1836=DIRECTION('ref_axis',(1.,0.,0.));
#1837=DIRECTION('center_axis',(0.,0.,-1.));
#1838=DIRECTION('ref_axis',(1.,0.,0.));
#1839=DIRECTION('',(0.,0.,-1.));
#1840=DIRECTION('center_axis',(0.,0.,-1.));
#1841=DIRECTION('ref_axis',(1.,0.,0.));
#1842=DIRECTION('center_axis',(-1.,0.,0.));
#1843=DIRECTION('ref_axis',(0.,-1.,0.));
#1844=DIRECTION('',(0.,1.,0.));
#1845=DIRECTION('',(0.,0.,1.));
#1846=DIRECTION('',(0.,-1.,0.));
#1847=DIRECTION('',(0.,0.,1.));
#1848=DIRECTION('center_axis',(0.,1.,0.));
#1849=DIRECTION('ref_axis',(-1.,0.,0.));
#1850=DIRECTION('',(1.,0.,0.));
#1851=DIRECTION('',(-1.,0.,0.));
#1852=DIRECTION('',(0.,0.,1.));
#1853=DIRECTION('center_axis',(1.,0.,0.));
#1854=DIRECTION('ref_axis',(0.,1.,0.));
#1855=DIRECTION('',(0.,-1.,0.));
#1856=DIRECTION('',(0.,1.,0.));
#1857=DIRECTION('',(0.,0.,1.));
#1858=DIRECTION('center_axis',(0.,-1.,0.));
#1859=DIRECTION('ref_axis',(1.,0.,0.));
#1860=DIRECTION('',(-1.,0.,0.));
#1861=DIRECTION('',(1.,0.,0.));
#1862=DIRECTION('center_axis',(0.,0.,1.));
#1863=DIRECTION('ref_axis',(1.,0.,0.));
#1864=DIRECTION('center_axis',(0.,0.,1.));
#1865=DIRECTION('ref_axis',(1.,0.,0.));
#1866=DIRECTION('center_axis',(0.,0.,1.));
#1867=DIRECTION('ref_axis',(1.,0.,0.));
#1868=DIRECTION('axis',(0.,0.,1.));
#1869=DIRECTION('refdir',(1.,0.,0.));
#1870=DIRECTION('center_axis',(1.,0.,0.));
#1871=DIRECTION('ref_axis',(0.,1.,0.));
#1872=DIRECTION('',(0.,-1.,0.));
#1873=DIRECTION('',(0.,0.,1.));
#1874=DIRECTION('',(0.,1.,0.));
#1875=DIRECTION('',(0.,0.,1.));
#1876=DIRECTION('center_axis',(0.,1.,0.));
#1877=DIRECTION('ref_axis',(-1.,0.,0.));
#1878=DIRECTION('',(1.,0.,0.));
#1879=DIRECTION('',(-1.,0.,0.));
#1880=DIRECTION('',(0.,0.,1.));
#1881=DIRECTION('center_axis',(-1.,0.,0.));
#1882=DIRECTION('ref_axis',(0.,-1.,0.));
#1883=DIRECTION('',(0.,1.,0.));
#1884=DIRECTION('',(0.,-1.,0.));
#1885=DIRECTION('',(0.,0.,1.));
#1886=DIRECTION('center_axis',(0.,-1.,0.));
#1887=DIRECTION('ref_axis',(1.,0.,0.));
#1888=DIRECTION('',(-1.,0.,0.));
#1889=DIRECTION('',(1.,0.,0.));
#1890=DIRECTION('center_axis',(0.,0.,1.));
#1891=DIRECTION('ref_axis',(0.,1.,0.));
#1892=DIRECTION('center_axis',(0.,0.,1.));
#1893=DIRECTION('ref_axis',(0.,1.,0.));
#1894=DIRECTION('',(0.,0.,1.));
#1895=DIRECTION('center_axis',(0.,0.,-1.));
#1896=DIRECTION('ref_axis',(0.,1.,0.));
#1897=DIRECTION('',(0.,0.,1.));
#1898=DIRECTION('center_axis',(1.,0.,0.));
#1899=DIRECTION('ref_axis',(0.,1.,0.));
#1900=DIRECTION('',(0.,-1.,0.));
#1901=DIRECTION('',(0.,1.,0.));
#1902=DIRECTION('',(0.,0.,1.));
#1903=DIRECTION('center_axis',(0.,0.,1.));
#1904=DIRECTION('ref_axis',(-1.,0.,0.));
#1905=DIRECTION('center_axis',(0.,0.,1.));
#1906=DIRECTION('ref_axis',(-1.,0.,0.));
#1907=DIRECTION('center_axis',(0.,0.,-1.));
#1908=DIRECTION('ref_axis',(-1.,0.,0.));
#1909=DIRECTION('',(0.,0.,1.));
#1910=DIRECTION('center_axis',(0.,1.,0.));
#1911=DIRECTION('ref_axis',(-1.,0.,0.));
#1912=DIRECTION('',(1.,0.,0.));
#1913=DIRECTION('',(-1.,0.,0.));
#1914=DIRECTION('',(0.,0.,1.));
#1915=DIRECTION('center_axis',(0.,0.,1.));
#1916=DIRECTION('ref_axis',(0.,-1.,0.));
#1917=DIRECTION('center_axis',(0.,0.,1.));
#1918=DIRECTION('ref_axis',(0.,-1.,0.));
#1919=DIRECTION('center_axis',(0.,0.,-1.));
#1920=DIRECTION('ref_axis',(0.,-1.,0.));
#1921=DIRECTION('',(0.,0.,1.));
#1922=DIRECTION('center_axis',(-1.,0.,0.));
#1923=DIRECTION('ref_axis',(0.,-1.,0.));
#1924=DIRECTION('',(0.,-1.,0.));
#1925=DIRECTION('',(0.,-1.,0.));
#1926=DIRECTION('',(0.,0.,1.));
#1927=DIRECTION('center_axis',(0.,0.,1.));
#1928=DIRECTION('ref_axis',(1.,0.,0.));
#1929=DIRECTION('center_axis',(0.,0.,1.));
#1930=DIRECTION('ref_axis',(1.,0.,0.));
#1931=DIRECTION('center_axis',(0.,0.,-1.));
#1932=DIRECTION('ref_axis',(1.,0.,0.));
#1933=DIRECTION('',(0.,0.,1.));
#1934=DIRECTION('center_axis',(0.,-1.,0.));
#1935=DIRECTION('ref_axis',(1.,0.,0.));
#1936=DIRECTION('',(1.,0.,0.));
#1937=DIRECTION('',(1.,0.,0.));
#1938=DIRECTION('center_axis',(0.,0.,1.));
#1939=DIRECTION('ref_axis',(0.,1.,0.));
#1940=DIRECTION('center_axis',(0.,0.,1.));
#1941=DIRECTION('ref_axis',(0.,1.,0.));
#1942=DIRECTION('',(0.,0.,1.));
#1943=DIRECTION('center_axis',(0.,0.,-1.));
#1944=DIRECTION('ref_axis',(0.,1.,0.));
#1945=DIRECTION('',(0.,0.,1.));
#1946=DIRECTION('center_axis',(1.,0.,0.));
#1947=DIRECTION('ref_axis',(0.,1.,0.));
#1948=DIRECTION('',(0.,-1.,0.));
#1949=DIRECTION('',(0.,1.,0.));
#1950=DIRECTION('',(0.,0.,1.));
#1951=DIRECTION('center_axis',(0.,0.,1.));
#1952=DIRECTION('ref_axis',(-1.,0.,0.));
#1953=DIRECTION('center_axis',(0.,0.,1.));
#1954=DIRECTION('ref_axis',(-1.,0.,0.));
#1955=DIRECTION('center_axis',(0.,0.,-1.));
#1956=DIRECTION('ref_axis',(-1.,0.,0.));
#1957=DIRECTION('',(0.,0.,1.));
#1958=DIRECTION('center_axis',(0.,1.,0.));
#1959=DIRECTION('ref_axis',(-1.,0.,0.));
#1960=DIRECTION('',(1.,0.,0.));
#1961=DIRECTION('',(-1.,0.,0.));
#1962=DIRECTION('',(0.,0.,1.));
#1963=DIRECTION('center_axis',(0.,0.,1.));
#1964=DIRECTION('ref_axis',(0.,-1.,0.));
#1965=DIRECTION('center_axis',(0.,0.,1.));
#1966=DIRECTION('ref_axis',(0.,-1.,0.));
#1967=DIRECTION('center_axis',(0.,0.,-1.));
#1968=DIRECTION('ref_axis',(0.,-1.,0.));
#1969=DIRECTION('',(0.,0.,1.));
#1970=DIRECTION('center_axis',(-1.,0.,0.));
#1971=DIRECTION('ref_axis',(0.,-1.,0.));
#1972=DIRECTION('',(0.,-1.,0.));
#1973=DIRECTION('',(0.,-1.,0.));
#1974=DIRECTION('',(0.,0.,1.));
#1975=DIRECTION('center_axis',(0.,0.,1.));
#1976=DIRECTION('ref_axis',(1.,0.,0.));
#1977=DIRECTION('center_axis',(0.,0.,1.));
#1978=DIRECTION('ref_axis',(1.,0.,0.));
#1979=DIRECTION('center_axis',(0.,0.,-1.));
#1980=DIRECTION('ref_axis',(1.,0.,0.));
#1981=DIRECTION('',(0.,0.,1.));
#1982=DIRECTION('center_axis',(0.,-1.,0.));
#1983=DIRECTION('ref_axis',(1.,0.,0.));
#1984=DIRECTION('',(1.,0.,0.));
#1985=DIRECTION('',(1.,0.,0.));
#1986=DIRECTION('center_axis',(0.,0.,1.));
#1987=DIRECTION('ref_axis',(0.,1.,0.));
#1988=DIRECTION('center_axis',(0.,0.,1.));
#1989=DIRECTION('ref_axis',(0.,1.,0.));
#1990=DIRECTION('',(0.,0.,1.));
#1991=DIRECTION('center_axis',(0.,0.,-1.));
#1992=DIRECTION('ref_axis',(0.,1.,0.));
#1993=DIRECTION('',(0.,0.,1.));
#1994=DIRECTION('center_axis',(1.,0.,0.));
#1995=DIRECTION('ref_axis',(0.,1.,0.));
#1996=DIRECTION('',(0.,-1.,0.));
#1997=DIRECTION('',(0.,1.,0.));
#1998=DIRECTION('',(0.,0.,1.));
#1999=DIRECTION('center_axis',(0.,0.,1.));
#2000=DIRECTION('ref_axis',(-1.,0.,0.));
#2001=DIRECTION('center_axis',(0.,0.,1.));
#2002=DIRECTION('ref_axis',(-1.,0.,0.));
#2003=DIRECTION('center_axis',(0.,0.,-1.));
#2004=DIRECTION('ref_axis',(-1.,0.,0.));
#2005=DIRECTION('',(0.,0.,1.));
#2006=DIRECTION('center_axis',(0.,1.,0.));
#2007=DIRECTION('ref_axis',(-1.,0.,0.));
#2008=DIRECTION('',(1.,0.,0.));
#2009=DIRECTION('',(-1.,0.,0.));
#2010=DIRECTION('',(0.,0.,1.));
#2011=DIRECTION('center_axis',(0.,0.,1.));
#2012=DIRECTION('ref_axis',(0.,-1.,0.));
#2013=DIRECTION('center_axis',(0.,0.,1.));
#2014=DIRECTION('ref_axis',(0.,-1.,0.));
#2015=DIRECTION('center_axis',(0.,0.,-1.));
#2016=DIRECTION('ref_axis',(0.,-1.,0.));
#2017=DIRECTION('',(0.,0.,1.));
#2018=DIRECTION('center_axis',(-1.,0.,0.));
#2019=DIRECTION('ref_axis',(0.,-1.,0.));
#2020=DIRECTION('',(0.,-1.,0.));
#2021=DIRECTION('',(0.,-1.,0.));
#2022=DIRECTION('',(0.,0.,1.));
#2023=DIRECTION('center_axis',(0.,0.,1.));
#2024=DIRECTION('ref_axis',(1.,0.,0.));
#2025=DIRECTION('center_axis',(0.,0.,1.));
#2026=DIRECTION('ref_axis',(1.,0.,0.));
#2027=DIRECTION('center_axis',(0.,0.,-1.));
#2028=DIRECTION('ref_axis',(1.,0.,0.));
#2029=DIRECTION('',(0.,0.,1.));
#2030=DIRECTION('center_axis',(0.,-1.,0.));
#2031=DIRECTION('ref_axis',(1.,0.,0.));
#2032=DIRECTION('',(1.,0.,0.));
#2033=DIRECTION('',(1.,0.,0.));
#2034=DIRECTION('center_axis',(0.,0.,1.));
#2035=DIRECTION('ref_axis',(0.,1.,0.));
#2036=DIRECTION('center_axis',(0.,0.,1.));
#2037=DIRECTION('ref_axis',(0.,1.,0.));
#2038=DIRECTION('',(0.,0.,1.));
#2039=DIRECTION('center_axis',(0.,0.,-1.));
#2040=DIRECTION('ref_axis',(0.,1.,0.));
#2041=DIRECTION('',(0.,0.,1.));
#2042=DIRECTION('center_axis',(1.,0.,0.));
#2043=DIRECTION('ref_axis',(0.,1.,0.));
#2044=DIRECTION('',(0.,-1.,0.));
#2045=DIRECTION('',(0.,1.,0.));
#2046=DIRECTION('',(0.,0.,1.));
#2047=DIRECTION('center_axis',(0.,0.,1.));
#2048=DIRECTION('ref_axis',(-1.,0.,0.));
#2049=DIRECTION('center_axis',(0.,0.,1.));
#2050=DIRECTION('ref_axis',(-1.,0.,0.));
#2051=DIRECTION('center_axis',(0.,0.,-1.));
#2052=DIRECTION('ref_axis',(-1.,0.,0.));
#2053=DIRECTION('',(0.,0.,1.));
#2054=DIRECTION('center_axis',(0.,1.,0.));
#2055=DIRECTION('ref_axis',(-1.,0.,0.));
#2056=DIRECTION('',(1.,0.,0.));
#2057=DIRECTION('',(-1.,0.,0.));
#2058=DIRECTION('',(0.,0.,1.));
#2059=DIRECTION('center_axis',(0.,0.,1.));
#2060=DIRECTION('ref_axis',(0.,-1.,0.));
#2061=DIRECTION('center_axis',(0.,0.,1.));
#2062=DIRECTION('ref_axis',(0.,-1.,0.));
#2063=DIRECTION('center_axis',(0.,0.,-1.));
#2064=DIRECTION('ref_axis',(0.,-1.,0.));
#2065=DIRECTION('',(0.,0.,1.));
#2066=DIRECTION('center_axis',(-1.,0.,0.));
#2067=DIRECTION('ref_axis',(0.,-1.,0.));
#2068=DIRECTION('',(0.,-1.,0.));
#2069=DIRECTION('',(0.,-1.,0.));
#2070=DIRECTION('',(0.,0.,1.));
#2071=DIRECTION('center_axis',(0.,0.,1.));
#2072=DIRECTION('ref_axis',(1.,0.,0.));
#2073=DIRECTION('center_axis',(0.,0.,1.));
#2074=DIRECTION('ref_axis',(1.,0.,0.));
#2075=DIRECTION('center_axis',(0.,0.,-1.));
#2076=DIRECTION('ref_axis',(1.,0.,0.));
#2077=DIRECTION('',(0.,0.,1.));
#2078=DIRECTION('center_axis',(0.,-1.,0.));
#2079=DIRECTION('ref_axis',(1.,0.,0.));
#2080=DIRECTION('',(1.,0.,0.));
#2081=DIRECTION('',(1.,0.,0.));
#2082=DIRECTION('center_axis',(0.,0.,1.));
#2083=DIRECTION('ref_axis',(0.,1.,0.));
#2084=DIRECTION('center_axis',(0.,0.,1.));
#2085=DIRECTION('ref_axis',(0.,1.,0.));
#2086=DIRECTION('',(0.,0.,1.));
#2087=DIRECTION('center_axis',(0.,0.,-1.));
#2088=DIRECTION('ref_axis',(0.,1.,0.));
#2089=DIRECTION('',(0.,0.,1.));
#2090=DIRECTION('center_axis',(1.,0.,0.));
#2091=DIRECTION('ref_axis',(0.,1.,0.));
#2092=DIRECTION('',(0.,-1.,0.));
#2093=DIRECTION('',(0.,1.,0.));
#2094=DIRECTION('',(0.,0.,1.));
#2095=DIRECTION('center_axis',(0.,0.,1.));
#2096=DIRECTION('ref_axis',(-1.,0.,0.));
#2097=DIRECTION('center_axis',(0.,0.,1.));
#2098=DIRECTION('ref_axis',(-1.,0.,0.));
#2099=DIRECTION('center_axis',(0.,0.,-1.));
#2100=DIRECTION('ref_axis',(-1.,0.,0.));
#2101=DIRECTION('',(0.,0.,1.));
#2102=DIRECTION('center_axis',(3.41607084500048E-16,1.,0.));
#2103=DIRECTION('ref_axis',(-1.,3.41607084500048E-16,0.));
#2104=DIRECTION('',(1.,-3.41607084500048E-16,0.));
#2105=DIRECTION('',(-1.,3.41607084500048E-16,0.));
#2106=DIRECTION('',(0.,0.,1.));
#2107=DIRECTION('center_axis',(0.,0.,1.));
#2108=DIRECTION('ref_axis',(0.,-1.,0.));
#2109=DIRECTION('center_axis',(0.,0.,1.));
#2110=DIRECTION('ref_axis',(0.,-1.,0.));
#2111=DIRECTION('center_axis',(0.,0.,-1.));
#2112=DIRECTION('ref_axis',(0.,-1.,0.));
#2113=DIRECTION('',(0.,0.,1.));
#2114=DIRECTION('center_axis',(-1.,-3.41607084500048E-16,0.));
#2115=DIRECTION('ref_axis',(3.41607084500048E-16,-1.,0.));
#2116=DIRECTION('',(3.41607084500048E-16,-1.,0.));
#2117=DIRECTION('',(3.41607084500048E-16,-1.,0.));
#2118=DIRECTION('',(0.,0.,1.));
#2119=DIRECTION('center_axis',(0.,0.,1.));
#2120=DIRECTION('ref_axis',(1.,0.,0.));
#2121=DIRECTION('center_axis',(0.,0.,1.));
#2122=DIRECTION('ref_axis',(1.,0.,0.));
#2123=DIRECTION('center_axis',(0.,0.,-1.));
#2124=DIRECTION('ref_axis',(1.,0.,0.));
#2125=DIRECTION('',(0.,0.,1.));
#2126=DIRECTION('center_axis',(0.,-1.,0.));
#2127=DIRECTION('ref_axis',(1.,0.,0.));
#2128=DIRECTION('',(1.,0.,0.));
#2129=DIRECTION('',(1.,0.,0.));
#2130=DIRECTION('center_axis',(1.,0.,0.));
#2131=DIRECTION('ref_axis',(0.,1.,0.));
#2132=DIRECTION('',(0.,-1.,0.));
#2133=DIRECTION('',(0.,0.,1.));
#2134=DIRECTION('',(0.,1.,0.));
#2135=DIRECTION('',(0.,0.,1.));
#2136=DIRECTION('center_axis',(0.,0.,1.));
#2137=DIRECTION('ref_axis',(-1.,0.,0.));
#2138=DIRECTION('center_axis',(0.,0.,1.));
#2139=DIRECTION('ref_axis',(-1.,0.,0.));
#2140=DIRECTION('center_axis',(0.,0.,-1.));
#2141=DIRECTION('ref_axis',(-1.,0.,0.));
#2142=DIRECTION('',(0.,0.,1.));
#2143=DIRECTION('center_axis',(0.,1.,0.));
#2144=DIRECTION('ref_axis',(-1.,0.,0.));
#2145=DIRECTION('',(1.,0.,0.));
#2146=DIRECTION('',(-1.,0.,0.));
#2147=DIRECTION('',(0.,0.,1.));
#2148=DIRECTION('center_axis',(0.,0.,1.));
#2149=DIRECTION('ref_axis',(0.,-1.,0.));
#2150=DIRECTION('center_axis',(0.,0.,1.));
#2151=DIRECTION('ref_axis',(0.,-1.,0.));
#2152=DIRECTION('center_axis',(0.,0.,-1.));
#2153=DIRECTION('ref_axis',(0.,-1.,0.));
#2154=DIRECTION('',(0.,0.,1.));
#2155=DIRECTION('center_axis',(-1.,0.,0.));
#2156=DIRECTION('ref_axis',(0.,-1.,0.));
#2157=DIRECTION('',(0.,-1.,0.));
#2158=DIRECTION('',(0.,-1.,0.));
#2159=DIRECTION('',(0.,0.,1.));
#2160=DIRECTION('center_axis',(0.,0.,1.));
#2161=DIRECTION('ref_axis',(1.,0.,0.));
#2162=DIRECTION('center_axis',(0.,0.,1.));
#2163=DIRECTION('ref_axis',(1.,0.,0.));
#2164=DIRECTION('center_axis',(0.,0.,-1.));
#2165=DIRECTION('ref_axis',(1.,0.,0.));
#2166=DIRECTION('',(0.,0.,1.));
#2167=DIRECTION('center_axis',(0.,-1.,0.));
#2168=DIRECTION('ref_axis',(1.,0.,0.));
#2169=DIRECTION('',(1.,0.,0.));
#2170=DIRECTION('',(1.,0.,0.));
#2171=DIRECTION('',(0.,0.,1.));
#2172=DIRECTION('center_axis',(0.,0.,1.));
#2173=DIRECTION('ref_axis',(0.,1.,0.));
#2174=DIRECTION('center_axis',(0.,0.,1.));
#2175=DIRECTION('ref_axis',(0.,1.,0.));
#2176=DIRECTION('center_axis',(0.,0.,-1.));
#2177=DIRECTION('ref_axis',(0.,1.,0.));
#2178=DIRECTION('center_axis',(-1.,0.,0.));
#2179=DIRECTION('ref_axis',(0.,-1.,0.));
#2180=DIRECTION('',(0.,1.,0.));
#2181=DIRECTION('',(0.,0.,1.));
#2182=DIRECTION('',(0.,-1.,0.));
#2183=DIRECTION('',(0.,0.,1.));
#2184=DIRECTION('center_axis',(0.,1.,0.));
#2185=DIRECTION('ref_axis',(-1.,0.,0.));
#2186=DIRECTION('',(1.,0.,0.));
#2187=DIRECTION('',(-1.,0.,0.));
#2188=DIRECTION('',(0.,0.,1.));
#2189=DIRECTION('center_axis',(1.,0.,0.));
#2190=DIRECTION('ref_axis',(0.,1.,0.));
#2191=DIRECTION('',(0.,1.,0.));
#2192=DIRECTION('',(0.,1.,0.));
#2193=DIRECTION('',(0.,0.,1.));
#2194=DIRECTION('center_axis',(-5.12532265526101E-16,-1.,0.));
#2195=DIRECTION('ref_axis',(1.,-5.12532265526101E-16,0.));
#2196=DIRECTION('',(1.,-5.12532265526101E-16,0.));
#2197=DIRECTION('',(1.,-5.12532265526101E-16,0.));
#2198=DIRECTION('center_axis',(0.,0.,1.));
#2199=DIRECTION('ref_axis',(1.,0.,0.));
#2200=DIRECTION('center_axis',(0.,0.,1.));
#2201=DIRECTION('ref_axis',(1.,0.,0.));
#2202=DIRECTION('axis',(0.,0.,1.));
#2203=DIRECTION('refdir',(1.,0.,0.));
#2204=DIRECTION('',(0.,0.,1.));
#2205=DIRECTION('',(1.,0.,0.));
#2206=DIRECTION('',(0.,0.,1.));
#2207=DIRECTION('',(1.,0.,0.));
#2208=DIRECTION('',(0.,0.,1.));
#2209=DIRECTION('',(1.,0.,0.));
#2210=DIRECTION('center_axis',(0.,0.,1.));
#2211=DIRECTION('ref_axis',(1.,0.,0.));
#2212=CARTESIAN_POINT('',(0.,0.,0.));
#2213=CARTESIAN_POINT('',(0.,0.,0.));
#2214=CARTESIAN_POINT('Origin',(107.2,69.8068103559032,6.82997881263781));
#2215=CARTESIAN_POINT('',(107.2,56.8196401838923,3.));
#2216=CARTESIAN_POINT('',(107.2,82.7939805279142,3.));
#2217=CARTESIAN_POINT('',(107.2,100.,3.));
#2218=CARTESIAN_POINT('',(107.2,56.8196401838923,2.82997881263781));
#2219=CARTESIAN_POINT('',(107.2,56.8196401838923,2.82997881263781));
#2220=CARTESIAN_POINT('',(107.2,82.7939805279142,2.82997881263781));
#2221=CARTESIAN_POINT('',(107.2,82.7939805279142,2.82997881263781));
#2222=CARTESIAN_POINT('',(107.2,82.7939805279142,10.8299788126378));
#2223=CARTESIAN_POINT('Origin',(117.2,56.8196401838923,10.8299788126378));
#2224=CARTESIAN_POINT('',(117.2,56.8196401838923,10.8299788126378));
#2225=CARTESIAN_POINT('',(117.2,82.7939805279142,10.8299788126378));
#2226=CARTESIAN_POINT('',(117.2,42.1098200919461,10.8299788126378));
#2227=CARTESIAN_POINT('',(107.2,56.8196401838923,10.8299788126378));
#2228=CARTESIAN_POINT('',(117.2,56.8196401838923,10.8299788126378));
#2229=CARTESIAN_POINT('',(107.2,82.7939805279142,10.8299788126378));
#2230=CARTESIAN_POINT('',(107.2,78.4098200919461,10.8299788126378));
#2231=CARTESIAN_POINT('',(117.2,82.7939805279142,10.8299788126378));
#2232=CARTESIAN_POINT('Origin',(117.2,56.8196401838923,2.82997881263781));
#2233=CARTESIAN_POINT('',(117.2,56.8196401838923,2.82997881263781));
#2234=CARTESIAN_POINT('',(117.2,56.8196401838923,1.4149894063189));
#2235=CARTESIAN_POINT('',(117.2,56.8196401838923,2.82997881263781));
#2236=CARTESIAN_POINT('',(107.2,56.8196401838923,1.4149894063189));
#2237=CARTESIAN_POINT('Origin',(117.2,82.7939805279142,2.82997881263781));
#2238=CARTESIAN_POINT('',(117.2,82.7939805279142,2.82997881263781));
#2239=CARTESIAN_POINT('',(117.2,55.0969902639571,2.82997881263781));
#2240=CARTESIAN_POINT('',(117.2,82.7939805279142,2.82997881263781));
#2241=CARTESIAN_POINT('Origin',(117.2,82.7939805279142,10.8299788126378));
#2242=CARTESIAN_POINT('',(117.2,82.7939805279142,5.4149894063189));
#2243=CARTESIAN_POINT('',(107.2,82.7939805279142,5.4149894063189));
#2244=CARTESIAN_POINT('Origin',(107.2,100.,0.));
#2245=CARTESIAN_POINT('',(107.2,37.4,3.));
#2246=CARTESIAN_POINT('',(107.2,100.,3.));
#2247=CARTESIAN_POINT('',(107.2,37.4,13.));
#2248=CARTESIAN_POINT('',(107.2,37.4,0.));
#2249=CARTESIAN_POINT('',(107.2,100.,13.));
#2250=CARTESIAN_POINT('',(107.2,100.,13.));
#2251=CARTESIAN_POINT('',(107.2,100.,3.));
#2252=CARTESIAN_POINT('',(107.2,100.,0.));
#2253=CARTESIAN_POINT('',(107.2,100.,3.));
#2254=CARTESIAN_POINT('Origin',(107.2,37.4,0.));
#2255=CARTESIAN_POINT('',(40.,37.4,3.));
#2256=CARTESIAN_POINT('',(107.2,37.4,3.));
#2257=CARTESIAN_POINT('',(40.,37.4,13.));
#2258=CARTESIAN_POINT('',(40.,37.4,0.));
#2259=CARTESIAN_POINT('',(107.2,37.4,13.));
#2260=CARTESIAN_POINT('Origin',(40.,100.,0.));
#2261=CARTESIAN_POINT('',(40.,100.,3.));
#2262=CARTESIAN_POINT('',(40.,100.,3.));
#2263=CARTESIAN_POINT('',(40.,100.,13.));
#2264=CARTESIAN_POINT('',(40.,100.,13.));
#2265=CARTESIAN_POINT('',(40.,100.,0.));
#2266=CARTESIAN_POINT('Origin',(40.,37.4,0.));
#2267=CARTESIAN_POINT('',(40.,37.4,3.));
#2268=CARTESIAN_POINT('',(40.,37.4,13.));
#2269=CARTESIAN_POINT('Origin',(34.5394511944241,104.903672664257,0.));
#2270=CARTESIAN_POINT('',(33.0894511944241,104.903672664257,13.));
#2271=CARTESIAN_POINT('Origin',(34.5394511944241,104.903672664257,13.));
#2272=CARTESIAN_POINT('',(33.0894511944241,104.903672664257,0.));
#2273=CARTESIAN_POINT('',(33.0894511944241,104.903672664257,0.));
#2274=CARTESIAN_POINT('Origin',(34.5394511944241,104.903672664257,0.));
#2275=CARTESIAN_POINT('Origin',(112.065132820874,104.903672664257,0.));
#2276=CARTESIAN_POINT('',(110.615132820874,104.903672664257,13.));
#2277=CARTESIAN_POINT('Origin',(112.065132820874,104.903672664257,13.));
#2278=CARTESIAN_POINT('',(110.615132820874,104.903672664257,0.));
#2279=CARTESIAN_POINT('',(110.615132820874,104.903672664257,0.));
#2280=CARTESIAN_POINT('Origin',(112.065132820874,104.903672664257,0.));
#2281=CARTESIAN_POINT('Origin',(111.22550450001,33.2553892838555,0.));
#2282=CARTESIAN_POINT('',(109.77550450001,33.2553892838555,13.));
#2283=CARTESIAN_POINT('Origin',(111.22550450001,33.2553892838555,13.));
#2284=CARTESIAN_POINT('',(109.77550450001,33.2553892838555,0.));
#2285=CARTESIAN_POINT('',(109.77550450001,33.2553892838555,0.));
#2286=CARTESIAN_POINT('Origin',(111.22550450001,33.2553892838555,0.));
#2287=CARTESIAN_POINT('Origin',(35.0992034083335,32.6956370699461,0.));
#2288=CARTESIAN_POINT('',(33.6492034083335,32.6956370699461,13.));
#2289=CARTESIAN_POINT('Origin',(35.0992034083335,32.6956370699461,13.));
#2290=CARTESIAN_POINT('',(33.6492034083335,32.6956370699461,0.));
#2291=CARTESIAN_POINT('',(33.6492034083335,32.6956370699461,0.));
#2292=CARTESIAN_POINT('Origin',(35.0992034083335,32.6956370699461,0.));
#2293=CARTESIAN_POINT('Origin',(30.,110.,0.));
#2294=CARTESIAN_POINT('',(30.,27.4,0.));
#2295=CARTESIAN_POINT('',(30.,110.,0.));
#2296=CARTESIAN_POINT('',(30.,27.4,0.));
#2297=CARTESIAN_POINT('',(30.,27.4,13.));
#2298=CARTESIAN_POINT('',(30.,27.4,0.));
#2299=CARTESIAN_POINT('',(30.,110.,13.));
#2300=CARTESIAN_POINT('',(30.,27.4,13.));
#2301=CARTESIAN_POINT('',(30.,110.,0.));
#2302=CARTESIAN_POINT('Origin',(117.2,110.,0.));
#2303=CARTESIAN_POINT('',(117.2,110.,0.));
#2304=CARTESIAN_POINT('',(30.,110.,0.));
#2305=CARTESIAN_POINT('',(117.2,110.,13.));
#2306=CARTESIAN_POINT('',(30.,110.,13.));
#2307=CARTESIAN_POINT('',(117.2,110.,0.));
#2308=CARTESIAN_POINT('Origin',(117.2,27.4,0.));
#2309=CARTESIAN_POINT('',(117.2,27.4,0.));
#2310=CARTESIAN_POINT('',(117.2,110.,0.));
#2311=CARTESIAN_POINT('',(117.2,27.4,13.));
#2312=CARTESIAN_POINT('',(117.2,110.,13.));
#2313=CARTESIAN_POINT('',(117.2,27.4,0.));
#2314=CARTESIAN_POINT('Origin',(30.,27.4,0.));
#2315=CARTESIAN_POINT('',(117.2,27.4,0.));
#2316=CARTESIAN_POINT('',(117.2,27.4,13.));
#2317=CARTESIAN_POINT('Origin',(73.6,68.7,13.));
#2318=CARTESIAN_POINT('Origin',(73.6,68.7,3.));
#2319=CARTESIAN_POINT('Origin',(73.6,68.7,0.));
#2320=CARTESIAN_POINT('',(0.,0.,0.));
#2321=CARTESIAN_POINT('Origin',(21.3084710904382,-14.8559622719477,0.));
#2322=CARTESIAN_POINT('',(21.3084710904382,-1.37254541287907,0.));
#2323=CARTESIAN_POINT('',(21.3084710904382,-14.8559622719477,0.));
#2324=CARTESIAN_POINT('',(21.3084710904382,-1.37254541287907,0.));
#2325=CARTESIAN_POINT('',(21.3084710904382,-1.37254541287907,3.));
#2326=CARTESIAN_POINT('',(21.3084710904382,-1.37254541287907,0.));
#2327=CARTESIAN_POINT('',(21.3084710904382,-14.8559622719477,3.));
#2328=CARTESIAN_POINT('',(21.3084710904382,-1.37254541287907,3.));
#2329=CARTESIAN_POINT('',(21.3084710904382,-14.8559622719477,0.));
#2330=CARTESIAN_POINT('Origin',(61.9192385350141,-14.8559622719477,0.));
#2331=CARTESIAN_POINT('',(61.9192385350141,-14.8559622719477,0.));
#2332=CARTESIAN_POINT('',(21.3084710904382,-14.8559622719477,0.));
#2333=CARTESIAN_POINT('',(61.9192385350141,-14.8559622719477,3.));
#2334=CARTESIAN_POINT('',(21.3084710904382,-14.8559622719477,3.));
#2335=CARTESIAN_POINT('',(61.9192385350141,-14.8559622719477,0.));
#2336=CARTESIAN_POINT('Origin',(61.9192385350141,-1.37254541287907,0.));
#2337=CARTESIAN_POINT('',(61.9192385350141,-1.37254541287907,0.));
#2338=CARTESIAN_POINT('',(61.9192385350141,-14.8559622719477,0.));
#2339=CARTESIAN_POINT('',(61.9192385350141,-1.37254541287907,3.));
#2340=CARTESIAN_POINT('',(61.9192385350141,-14.8559622719477,3.));
#2341=CARTESIAN_POINT('',(61.9192385350141,-1.37254541287907,0.));
#2342=CARTESIAN_POINT('Origin',(21.3084710904382,-1.37254541287907,0.));
#2343=CARTESIAN_POINT('',(61.9192385350141,-1.37254541287907,0.));
#2344=CARTESIAN_POINT('',(61.9192385350141,-1.37254541287907,3.));
#2345=CARTESIAN_POINT('Origin',(3.025,-3.025,0.));
#2346=CARTESIAN_POINT('',(3.025,-2.525,0.));
#2347=CARTESIAN_POINT('',(2.525,-3.025,0.));
#2348=CARTESIAN_POINT('Origin',(3.025,-3.025,0.));
#2349=CARTESIAN_POINT('',(3.025,-2.525,3.));
#2350=CARTESIAN_POINT('',(3.025,-2.525,0.));
#2351=CARTESIAN_POINT('',(2.525,-3.025,3.));
#2352=CARTESIAN_POINT('Origin',(3.025,-3.025,3.));
#2353=CARTESIAN_POINT('',(2.525,-3.025,0.));
#2354=CARTESIAN_POINT('Origin',(2.525,-16.025,0.));
#2355=CARTESIAN_POINT('',(2.525,-16.025,0.));
#2356=CARTESIAN_POINT('',(2.525,-3.025,0.));
#2357=CARTESIAN_POINT('',(2.525,-16.025,3.));
#2358=CARTESIAN_POINT('',(2.525,-3.025,3.));
#2359=CARTESIAN_POINT('',(2.525,-16.025,0.));
#2360=CARTESIAN_POINT('Origin',(3.025,-16.025,0.));
#2361=CARTESIAN_POINT('',(3.025,-16.525,0.));
#2362=CARTESIAN_POINT('Origin',(3.025,-16.025,0.));
#2363=CARTESIAN_POINT('',(3.025,-16.525,3.));
#2364=CARTESIAN_POINT('Origin',(3.025,-16.025,3.));
#2365=CARTESIAN_POINT('',(3.025,-16.525,0.));
#2366=CARTESIAN_POINT('Origin',(16.025,-16.525,0.));
#2367=CARTESIAN_POINT('',(16.025,-16.525,0.));
#2368=CARTESIAN_POINT('',(3.025,-16.525,0.));
#2369=CARTESIAN_POINT('',(16.025,-16.525,3.));
#2370=CARTESIAN_POINT('',(3.025,-16.525,3.));
#2371=CARTESIAN_POINT('',(16.025,-16.525,0.));
#2372=CARTESIAN_POINT('Origin',(16.025,-16.025,0.));
#2373=CARTESIAN_POINT('',(16.525,-16.025,0.));
#2374=CARTESIAN_POINT('Origin',(16.025,-16.025,0.));
#2375=CARTESIAN_POINT('',(16.525,-16.025,3.));
#2376=CARTESIAN_POINT('Origin',(16.025,-16.025,3.));
#2377=CARTESIAN_POINT('',(16.525,-16.025,0.));
#2378=CARTESIAN_POINT('Origin',(16.525,-3.025,0.));
#2379=CARTESIAN_POINT('',(16.525,-3.025,0.));
#2380=CARTESIAN_POINT('',(16.525,-3.025,0.));
#2381=CARTESIAN_POINT('',(16.525,-3.025,3.));
#2382=CARTESIAN_POINT('',(16.525,-3.025,3.));
#2383=CARTESIAN_POINT('',(16.525,-3.025,0.));
#2384=CARTESIAN_POINT('Origin',(16.025,-3.025,0.));
#2385=CARTESIAN_POINT('',(16.025,-2.525,0.));
#2386=CARTESIAN_POINT('Origin',(16.025,-3.025,0.));
#2387=CARTESIAN_POINT('',(16.025,-2.525,3.));
#2388=CARTESIAN_POINT('Origin',(16.025,-3.025,3.));
#2389=CARTESIAN_POINT('',(16.025,-2.525,0.));
#2390=CARTESIAN_POINT('Origin',(3.025,-2.525,0.));
#2391=CARTESIAN_POINT('',(3.025,-2.525,0.));
#2392=CARTESIAN_POINT('',(3.025,-2.525,3.));
#2393=CARTESIAN_POINT('Origin',(3.025,-41.125,0.));
#2394=CARTESIAN_POINT('',(3.025,-40.625,0.));
#2395=CARTESIAN_POINT('',(2.525,-41.125,0.));
#2396=CARTESIAN_POINT('Origin',(3.025,-41.125,0.));
#2397=CARTESIAN_POINT('',(3.025,-40.625,3.));
#2398=CARTESIAN_POINT('',(3.025,-40.625,0.));
#2399=CARTESIAN_POINT('',(2.525,-41.125,3.));
#2400=CARTESIAN_POINT('Origin',(3.025,-41.125,3.));
#2401=CARTESIAN_POINT('',(2.525,-41.125,0.));
#2402=CARTESIAN_POINT('Origin',(2.525,-54.125,0.));
#2403=CARTESIAN_POINT('',(2.525,-54.125,0.));
#2404=CARTESIAN_POINT('',(2.525,-41.125,0.));
#2405=CARTESIAN_POINT('',(2.525,-54.125,3.));
#2406=CARTESIAN_POINT('',(2.525,-41.125,3.));
#2407=CARTESIAN_POINT('',(2.525,-54.125,0.));
#2408=CARTESIAN_POINT('Origin',(3.025,-54.125,0.));
#2409=CARTESIAN_POINT('',(3.025,-54.625,0.));
#2410=CARTESIAN_POINT('Origin',(3.025,-54.125,0.));
#2411=CARTESIAN_POINT('',(3.025,-54.625,3.));
#2412=CARTESIAN_POINT('Origin',(3.025,-54.125,3.));
#2413=CARTESIAN_POINT('',(3.025,-54.625,0.));
#2414=CARTESIAN_POINT('Origin',(16.025,-54.625,0.));
#2415=CARTESIAN_POINT('',(16.025,-54.625,0.));
#2416=CARTESIAN_POINT('',(3.025,-54.625,0.));
#2417=CARTESIAN_POINT('',(16.025,-54.625,3.));
#2418=CARTESIAN_POINT('',(3.025,-54.625,3.));
#2419=CARTESIAN_POINT('',(16.025,-54.625,0.));
#2420=CARTESIAN_POINT('Origin',(16.025,-54.125,0.));
#2421=CARTESIAN_POINT('',(16.525,-54.125,0.));
#2422=CARTESIAN_POINT('Origin',(16.025,-54.125,0.));
#2423=CARTESIAN_POINT('',(16.525,-54.125,3.));
#2424=CARTESIAN_POINT('Origin',(16.025,-54.125,3.));
#2425=CARTESIAN_POINT('',(16.525,-54.125,0.));
#2426=CARTESIAN_POINT('Origin',(16.525,-41.125,0.));
#2427=CARTESIAN_POINT('',(16.525,-41.125,0.));
#2428=CARTESIAN_POINT('',(16.525,-41.125,0.));
#2429=CARTESIAN_POINT('',(16.525,-41.125,3.));
#2430=CARTESIAN_POINT('',(16.525,-41.125,3.));
#2431=CARTESIAN_POINT('',(16.525,-41.125,0.));
#2432=CARTESIAN_POINT('Origin',(16.025,-41.125,0.));
#2433=CARTESIAN_POINT('',(16.025,-40.625,0.));
#2434=CARTESIAN_POINT('Origin',(16.025,-41.125,0.));
#2435=CARTESIAN_POINT('',(16.025,-40.625,3.));
#2436=CARTESIAN_POINT('Origin',(16.025,-41.125,3.));
#2437=CARTESIAN_POINT('',(16.025,-40.625,0.));
#2438=CARTESIAN_POINT('Origin',(3.025,-40.625,0.));
#2439=CARTESIAN_POINT('',(3.025,-40.625,0.));
#2440=CARTESIAN_POINT('',(3.025,-40.625,3.));
#2441=CARTESIAN_POINT('Origin',(41.125,-41.125,0.));
#2442=CARTESIAN_POINT('',(41.125,-40.625,0.));
#2443=CARTESIAN_POINT('',(40.625,-41.125,0.));
#2444=CARTESIAN_POINT('Origin',(41.125,-41.125,0.));
#2445=CARTESIAN_POINT('',(41.125,-40.625,3.));
#2446=CARTESIAN_POINT('',(41.125,-40.625,0.));
#2447=CARTESIAN_POINT('',(40.625,-41.125,3.));
#2448=CARTESIAN_POINT('Origin',(41.125,-41.125,3.));
#2449=CARTESIAN_POINT('',(40.625,-41.125,0.));
#2450=CARTESIAN_POINT('Origin',(40.625,-54.125,0.));
#2451=CARTESIAN_POINT('',(40.625,-54.125,0.));
#2452=CARTESIAN_POINT('',(40.625,-41.125,0.));
#2453=CARTESIAN_POINT('',(40.625,-54.125,3.));
#2454=CARTESIAN_POINT('',(40.625,-41.125,3.));
#2455=CARTESIAN_POINT('',(40.625,-54.125,0.));
#2456=CARTESIAN_POINT('Origin',(41.125,-54.125,0.));
#2457=CARTESIAN_POINT('',(41.125,-54.625,0.));
#2458=CARTESIAN_POINT('Origin',(41.125,-54.125,0.));
#2459=CARTESIAN_POINT('',(41.125,-54.625,3.));
#2460=CARTESIAN_POINT('Origin',(41.125,-54.125,3.));
#2461=CARTESIAN_POINT('',(41.125,-54.625,0.));
#2462=CARTESIAN_POINT('Origin',(54.125,-54.625,0.));
#2463=CARTESIAN_POINT('',(54.125,-54.625,0.));
#2464=CARTESIAN_POINT('',(41.125,-54.625,0.));
#2465=CARTESIAN_POINT('',(54.125,-54.625,3.));
#2466=CARTESIAN_POINT('',(41.125,-54.625,3.));
#2467=CARTESIAN_POINT('',(54.125,-54.625,0.));
#2468=CARTESIAN_POINT('Origin',(54.125,-54.125,0.));
#2469=CARTESIAN_POINT('',(54.625,-54.125,0.));
#2470=CARTESIAN_POINT('Origin',(54.125,-54.125,0.));
#2471=CARTESIAN_POINT('',(54.625,-54.125,3.));
#2472=CARTESIAN_POINT('Origin',(54.125,-54.125,3.));
#2473=CARTESIAN_POINT('',(54.625,-54.125,0.));
#2474=CARTESIAN_POINT('Origin',(54.625,-41.125,0.));
#2475=CARTESIAN_POINT('',(54.625,-41.125,0.));
#2476=CARTESIAN_POINT('',(54.625,-41.125,0.));
#2477=CARTESIAN_POINT('',(54.625,-41.125,3.));
#2478=CARTESIAN_POINT('',(54.625,-41.125,3.));
#2479=CARTESIAN_POINT('',(54.625,-41.125,0.));
#2480=CARTESIAN_POINT('Origin',(54.125,-41.125,0.));
#2481=CARTESIAN_POINT('',(54.125,-40.625,0.));
#2482=CARTESIAN_POINT('Origin',(54.125,-41.125,0.));
#2483=CARTESIAN_POINT('',(54.125,-40.625,3.));
#2484=CARTESIAN_POINT('Origin',(54.125,-41.125,3.));
#2485=CARTESIAN_POINT('',(54.125,-40.625,0.));
#2486=CARTESIAN_POINT('Origin',(41.125,-40.625,0.));
#2487=CARTESIAN_POINT('',(41.125,-40.625,0.));
#2488=CARTESIAN_POINT('',(41.125,-40.625,3.));
#2489=CARTESIAN_POINT('Origin',(22.075,-41.125,0.));
#2490=CARTESIAN_POINT('',(22.075,-40.625,0.));
#2491=CARTESIAN_POINT('',(21.575,-41.125,0.));
#2492=CARTESIAN_POINT('Origin',(22.075,-41.125,0.));
#2493=CARTESIAN_POINT('',(22.075,-40.625,3.));
#2494=CARTESIAN_POINT('',(22.075,-40.625,0.));
#2495=CARTESIAN_POINT('',(21.575,-41.125,3.));
#2496=CARTESIAN_POINT('Origin',(22.075,-41.125,3.));
#2497=CARTESIAN_POINT('',(21.575,-41.125,0.));
#2498=CARTESIAN_POINT('Origin',(21.575,-54.125,0.));
#2499=CARTESIAN_POINT('',(21.575,-54.125,0.));
#2500=CARTESIAN_POINT('',(21.575,-41.125,0.));
#2501=CARTESIAN_POINT('',(21.575,-54.125,3.));
#2502=CARTESIAN_POINT('',(21.575,-41.125,3.));
#2503=CARTESIAN_POINT('',(21.575,-54.125,0.));
#2504=CARTESIAN_POINT('Origin',(22.075,-54.125,0.));
#2505=CARTESIAN_POINT('',(22.075,-54.625,0.));
#2506=CARTESIAN_POINT('Origin',(22.075,-54.125,0.));
#2507=CARTESIAN_POINT('',(22.075,-54.625,3.));
#2508=CARTESIAN_POINT('Origin',(22.075,-54.125,3.));
#2509=CARTESIAN_POINT('',(22.075,-54.625,0.));
#2510=CARTESIAN_POINT('Origin',(35.075,-54.625,0.));
#2511=CARTESIAN_POINT('',(35.075,-54.625,0.));
#2512=CARTESIAN_POINT('',(22.075,-54.625,0.));
#2513=CARTESIAN_POINT('',(35.075,-54.625,3.));
#2514=CARTESIAN_POINT('',(22.075,-54.625,3.));
#2515=CARTESIAN_POINT('',(35.075,-54.625,0.));
#2516=CARTESIAN_POINT('Origin',(35.075,-54.125,0.));
#2517=CARTESIAN_POINT('',(35.575,-54.125,0.));
#2518=CARTESIAN_POINT('Origin',(35.075,-54.125,0.));
#2519=CARTESIAN_POINT('',(35.575,-54.125,3.));
#2520=CARTESIAN_POINT('Origin',(35.075,-54.125,3.));
#2521=CARTESIAN_POINT('',(35.575,-54.125,0.));
#2522=CARTESIAN_POINT('Origin',(35.575,-41.125,0.));
#2523=CARTESIAN_POINT('',(35.575,-41.125,0.));
#2524=CARTESIAN_POINT('',(35.575,-41.125,0.));
#2525=CARTESIAN_POINT('',(35.575,-41.125,3.));
#2526=CARTESIAN_POINT('',(35.575,-41.125,3.));
#2527=CARTESIAN_POINT('',(35.575,-41.125,0.));
#2528=CARTESIAN_POINT('Origin',(35.075,-41.125,0.));
#2529=CARTESIAN_POINT('',(35.075,-40.625,0.));
#2530=CARTESIAN_POINT('Origin',(35.075,-41.125,0.));
#2531=CARTESIAN_POINT('',(35.075,-40.625,3.));
#2532=CARTESIAN_POINT('Origin',(35.075,-41.125,3.));
#2533=CARTESIAN_POINT('',(35.075,-40.625,0.));
#2534=CARTESIAN_POINT('Origin',(22.075,-40.625,0.));
#2535=CARTESIAN_POINT('',(22.075,-40.625,0.));
#2536=CARTESIAN_POINT('',(22.075,-40.625,3.));
#2537=CARTESIAN_POINT('Origin',(22.075,-22.075,0.));
#2538=CARTESIAN_POINT('',(22.075,-21.575,0.));
#2539=CARTESIAN_POINT('',(21.575,-22.075,0.));
#2540=CARTESIAN_POINT('Origin',(22.075,-22.075,0.));
#2541=CARTESIAN_POINT('',(22.075,-21.575,3.));
#2542=CARTESIAN_POINT('',(22.075,-21.575,0.));
#2543=CARTESIAN_POINT('',(21.575,-22.075,3.));
#2544=CARTESIAN_POINT('Origin',(22.075,-22.075,3.));
#2545=CARTESIAN_POINT('',(21.575,-22.075,0.));
#2546=CARTESIAN_POINT('Origin',(21.575,-35.075,0.));
#2547=CARTESIAN_POINT('',(21.575,-35.075,0.));
#2548=CARTESIAN_POINT('',(21.575,-22.075,0.));
#2549=CARTESIAN_POINT('',(21.575,-35.075,3.));
#2550=CARTESIAN_POINT('',(21.575,-22.075,3.));
#2551=CARTESIAN_POINT('',(21.575,-35.075,0.));
#2552=CARTESIAN_POINT('Origin',(22.075,-35.075,0.));
#2553=CARTESIAN_POINT('',(22.075,-35.575,0.));
#2554=CARTESIAN_POINT('Origin',(22.075,-35.075,0.));
#2555=CARTESIAN_POINT('',(22.075,-35.575,3.));
#2556=CARTESIAN_POINT('Origin',(22.075,-35.075,3.));
#2557=CARTESIAN_POINT('',(22.075,-35.575,0.));
#2558=CARTESIAN_POINT('Origin',(35.075,-35.575,0.));
#2559=CARTESIAN_POINT('',(35.075,-35.575,0.));
#2560=CARTESIAN_POINT('',(22.075,-35.575,0.));
#2561=CARTESIAN_POINT('',(35.075,-35.575,3.));
#2562=CARTESIAN_POINT('',(22.075,-35.575,3.));
#2563=CARTESIAN_POINT('',(35.075,-35.575,0.));
#2564=CARTESIAN_POINT('Origin',(35.075,-35.075,0.));
#2565=CARTESIAN_POINT('',(35.575,-35.075,0.));
#2566=CARTESIAN_POINT('Origin',(35.075,-35.075,0.));
#2567=CARTESIAN_POINT('',(35.575,-35.075,3.));
#2568=CARTESIAN_POINT('Origin',(35.075,-35.075,3.));
#2569=CARTESIAN_POINT('',(35.575,-35.075,0.));
#2570=CARTESIAN_POINT('Origin',(35.575,-22.075,0.));
#2571=CARTESIAN_POINT('',(35.575,-22.075,0.));
#2572=CARTESIAN_POINT('',(35.575,-22.075,0.));
#2573=CARTESIAN_POINT('',(35.575,-22.075,3.));
#2574=CARTESIAN_POINT('',(35.575,-22.075,3.));
#2575=CARTESIAN_POINT('',(35.575,-22.075,0.));
#2576=CARTESIAN_POINT('Origin',(35.075,-22.075,0.));
#2577=CARTESIAN_POINT('',(35.075,-21.575,0.));
#2578=CARTESIAN_POINT('Origin',(35.075,-22.075,0.));
#2579=CARTESIAN_POINT('',(35.075,-21.575,3.));
#2580=CARTESIAN_POINT('Origin',(35.075,-22.075,3.));
#2581=CARTESIAN_POINT('',(35.075,-21.575,0.));
#2582=CARTESIAN_POINT('Origin',(22.075,-21.575,0.));
#2583=CARTESIAN_POINT('',(22.075,-21.575,0.));
#2584=CARTESIAN_POINT('',(22.075,-21.575,3.));
#2585=CARTESIAN_POINT('Origin',(2.525,-35.075,0.));
#2586=CARTESIAN_POINT('',(2.525,-22.075,0.));
#2587=CARTESIAN_POINT('',(2.525,-35.075,0.));
#2588=CARTESIAN_POINT('',(2.525,-22.075,0.));
#2589=CARTESIAN_POINT('',(2.525,-22.075,3.));
#2590=CARTESIAN_POINT('',(2.525,-22.075,0.));
#2591=CARTESIAN_POINT('',(2.525,-35.075,3.));
#2592=CARTESIAN_POINT('',(2.525,-22.075,3.));
#2593=CARTESIAN_POINT('',(2.525,-35.075,0.));
#2594=CARTESIAN_POINT('Origin',(3.025,-35.075,0.));
#2595=CARTESIAN_POINT('',(3.025,-35.575,0.));
#2596=CARTESIAN_POINT('Origin',(3.025,-35.075,0.));
#2597=CARTESIAN_POINT('',(3.025,-35.575,3.));
#2598=CARTESIAN_POINT('Origin',(3.025,-35.075,3.));
#2599=CARTESIAN_POINT('',(3.025,-35.575,0.));
#2600=CARTESIAN_POINT('Origin',(16.025,-35.575,0.));
#2601=CARTESIAN_POINT('',(16.025,-35.575,0.));
#2602=CARTESIAN_POINT('',(3.025,-35.575,0.));
#2603=CARTESIAN_POINT('',(16.025,-35.575,3.));
#2604=CARTESIAN_POINT('',(3.025,-35.575,3.));
#2605=CARTESIAN_POINT('',(16.025,-35.575,0.));
#2606=CARTESIAN_POINT('Origin',(16.025,-35.075,0.));
#2607=CARTESIAN_POINT('',(16.525,-35.075,0.));
#2608=CARTESIAN_POINT('Origin',(16.025,-35.075,0.));
#2609=CARTESIAN_POINT('',(16.525,-35.075,3.));
#2610=CARTESIAN_POINT('Origin',(16.025,-35.075,3.));
#2611=CARTESIAN_POINT('',(16.525,-35.075,0.));
#2612=CARTESIAN_POINT('Origin',(16.525,-22.075,0.));
#2613=CARTESIAN_POINT('',(16.525,-22.075,0.));
#2614=CARTESIAN_POINT('',(16.525,-22.075,0.));
#2615=CARTESIAN_POINT('',(16.525,-22.075,3.));
#2616=CARTESIAN_POINT('',(16.525,-22.075,3.));
#2617=CARTESIAN_POINT('',(16.525,-22.075,0.));
#2618=CARTESIAN_POINT('Origin',(16.025,-22.075,0.));
#2619=CARTESIAN_POINT('',(16.025,-21.575,0.));
#2620=CARTESIAN_POINT('Origin',(16.025,-22.075,0.));
#2621=CARTESIAN_POINT('',(16.025,-21.575,3.));
#2622=CARTESIAN_POINT('Origin',(16.025,-22.075,3.));
#2623=CARTESIAN_POINT('',(16.025,-21.575,0.));
#2624=CARTESIAN_POINT('Origin',(3.025,-21.575,0.));
#2625=CARTESIAN_POINT('',(3.025,-21.575,0.));
#2626=CARTESIAN_POINT('',(3.025,-21.575,0.));
#2627=CARTESIAN_POINT('',(3.025,-21.575,3.));
#2628=CARTESIAN_POINT('',(3.025,-21.575,3.));
#2629=CARTESIAN_POINT('',(3.025,-21.575,0.));
#2630=CARTESIAN_POINT('Origin',(3.025,-22.075,0.));
#2631=CARTESIAN_POINT('Origin',(3.025,-22.075,0.));
#2632=CARTESIAN_POINT('Origin',(3.025,-22.075,3.));
#2633=CARTESIAN_POINT('Origin',(-12.1875189937136,11.8659801386094,0.));
#2634=CARTESIAN_POINT('',(-12.1875189937136,-70.6149620294829,0.));
#2635=CARTESIAN_POINT('',(-12.1875189937136,11.8659801386094,0.));
#2636=CARTESIAN_POINT('',(-12.1875189937136,-70.6149620294829,0.));
#2637=CARTESIAN_POINT('',(-12.1875189937136,-70.6149620294829,3.));
#2638=CARTESIAN_POINT('',(-12.1875189937136,-70.6149620294829,0.));
#2639=CARTESIAN_POINT('',(-12.1875189937136,11.8659801386094,3.));
#2640=CARTESIAN_POINT('',(-12.1875189937136,-70.6149620294829,3.));
#2641=CARTESIAN_POINT('',(-12.1875189937136,11.8659801386094,0.));
#2642=CARTESIAN_POINT('Origin',(74.4585791586078,11.8659801386094,0.));
#2643=CARTESIAN_POINT('',(74.4585791586078,11.8659801386094,0.));
#2644=CARTESIAN_POINT('',(-12.1875189937136,11.8659801386094,0.));
#2645=CARTESIAN_POINT('',(74.4585791586078,11.8659801386094,3.));
#2646=CARTESIAN_POINT('',(-12.1875189937136,11.8659801386094,3.));
#2647=CARTESIAN_POINT('',(74.4585791586078,11.8659801386094,0.));
#2648=CARTESIAN_POINT('Origin',(74.4585791586078,-70.6149620294829,0.));
#2649=CARTESIAN_POINT('',(74.4585791586078,-70.6149620294829,0.));
#2650=CARTESIAN_POINT('',(74.4585791586078,-70.6149620294829,0.));
#2651=CARTESIAN_POINT('',(74.4585791586078,-70.6149620294829,3.));
#2652=CARTESIAN_POINT('',(74.4585791586078,-70.6149620294829,3.));
#2653=CARTESIAN_POINT('',(74.4585791586078,-70.6149620294829,0.));
#2654=CARTESIAN_POINT('Origin',(-12.1875189937136,-70.6149620294829,0.));
#2655=CARTESIAN_POINT('',(-12.1875189937136,-70.6149620294829,0.));
#2656=CARTESIAN_POINT('',(-12.1875189937136,-70.6149620294829,3.));
#2657=CARTESIAN_POINT('Origin',(31.1355300824471,-29.3744909454367,3.));
#2658=CARTESIAN_POINT('Origin',(31.1355300824471,-29.3744909454367,0.));
#2659=CARTESIAN_POINT('',(0.,0.,0.));
#2660=CARTESIAN_POINT('',(0.,0.,0.));
#2661=CARTESIAN_POINT('',(42.5,98.,13.));
#2662=CARTESIAN_POINT('',(0.,0.,0.));
#2663=CARTESIAN_POINT('Origin',(0.,0.,0.));
#2664=UNCERTAINTY_MEASURE_WITH_UNIT(LENGTH_MEASURE(0.01),#2674,
'DISTANCE_ACCURACY_VALUE',
'Maximum model space distance between geometric entities at asserted c
onnectivities');
#2665=UNCERTAINTY_MEASURE_WITH_UNIT(LENGTH_MEASURE(0.01),#2674,
'DISTANCE_ACCURACY_VALUE',
'Maximum model space distance between geometric entities at asserted c
onnectivities');
#2666=UNCERTAINTY_MEASURE_WITH_UNIT(LENGTH_MEASURE(0.01),#2674,
'DISTANCE_ACCURACY_VALUE',
'Maximum model space distance between geometric entities at asserted c
onnectivities');
#2667=UNCERTAINTY_MEASURE_WITH_UNIT(LENGTH_MEASURE(0.01),#2674,
'DISTANCE_ACCURACY_VALUE',
'Maximum model space distance between geometric entities at asserted c
onnectivities');
#2668=UNCERTAINTY_MEASURE_WITH_UNIT(LENGTH_MEASURE(0.01),#2674,
'DISTANCE_ACCURACY_VALUE',
'Maximum model space distance between geometric entities at asserted c
onnectivities');
#2669=(
GEOMETRIC_REPRESENTATION_CONTEXT(3)
GLOBAL_UNCERTAINTY_ASSIGNED_CONTEXT((#2664))
GLOBAL_UNIT_ASSIGNED_CONTEXT((#2674,#2676,#2677))
REPRESENTATION_CONTEXT('','3D')
);
#2670=(
GEOMETRIC_REPRESENTATION_CONTEXT(3)
GLOBAL_UNCERTAINTY_ASSIGNED_CONTEXT((#2665))
GLOBAL_UNIT_ASSIGNED_CONTEXT((#2674,#2676,#2677))
REPRESENTATION_CONTEXT('','3D')
);
#2671=(
GEOMETRIC_REPRESENTATION_CONTEXT(3)
GLOBAL_UNCERTAINTY_ASSIGNED_CONTEXT((#2666))
GLOBAL_UNIT_ASSIGNED_CONTEXT((#2674,#2676,#2677))
REPRESENTATION_CONTEXT('','3D')
);
#2672=(
GEOMETRIC_REPRESENTATION_CONTEXT(3)
GLOBAL_UNCERTAINTY_ASSIGNED_CONTEXT((#2667))
GLOBAL_UNIT_ASSIGNED_CONTEXT((#2674,#2676,#2677))
REPRESENTATION_CONTEXT('','3D')
);
#2673=(
GEOMETRIC_REPRESENTATION_CONTEXT(3)
GLOBAL_UNCERTAINTY_ASSIGNED_CONTEXT((#2668))
GLOBAL_UNIT_ASSIGNED_CONTEXT((#2674,#2676,#2677))
REPRESENTATION_CONTEXT('','3D')
);
#2674=(
LENGTH_UNIT()
NAMED_UNIT(*)
SI_UNIT(.MILLI.,.METRE.)
);
#2675=(
LENGTH_UNIT()
NAMED_UNIT(*)
SI_UNIT($,.METRE.)
);
#2676=(
NAMED_UNIT(*)
PLANE_ANGLE_UNIT()
SI_UNIT($,.RADIAN.)
);
#2677=(
NAMED_UNIT(*)
SI_UNIT($,.STERADIAN.)
SOLID_ANGLE_UNIT()
);
#2678=SHAPE_DEFINITION_REPRESENTATION(#2682,#2689);
#2679=SHAPE_DEFINITION_REPRESENTATION(#2683,#2690);
#2680=SHAPE_DEFINITION_REPRESENTATION(#2684,#2691);
#2681=SHAPE_DEFINITION_REPRESENTATION(#2685,#2692);
#2682=PRODUCT_DEFINITION_SHAPE('',$,#2694);
#2683=PRODUCT_DEFINITION_SHAPE('',$,#2695);
#2684=PRODUCT_DEFINITION_SHAPE('',$,#2696);
#2685=PRODUCT_DEFINITION_SHAPE('',$,#2697);
#2686=PRODUCT_DEFINITION_SHAPE($,$,#24);
#2687=PRODUCT_DEFINITION_SHAPE($,$,#25);
#2688=PRODUCT_DEFINITION_SHAPE($,$,#26);
#2689=SHAPE_REPRESENTATION('',(#1622,#1760,#1761,#1762),#2669);
#2690=SHAPE_REPRESENTATION('',(#1623),#2670);
#2691=SHAPE_REPRESENTATION('',(#1652),#2671);
#2692=SHAPE_REPRESENTATION('',(#1759),#2672);
#2693=PRODUCT_DEFINITION_CONTEXT('part definition',#2707,'design');
#2694=PRODUCT_DEFINITION('2026-08-22-10-34-33-556','Keypad (Assembly)',
#2698,#2693);
#2695=PRODUCT_DEFINITION('2026-08-22-10-21-43-235','Keypad',#2699,#2693);
#2696=PRODUCT_DEFINITION('2026-08-22-18-34-50-185','keypad_plate',#2700,
#2693);
#2697=PRODUCT_DEFINITION('2026-08-22-11-50-54-706','External1',#2701,#2693);
#2698=PRODUCT_DEFINITION_FORMATION('',$,#2709);
#2699=PRODUCT_DEFINITION_FORMATION('',$,#2710);
#2700=PRODUCT_DEFINITION_FORMATION('',$,#2711);
#2701=PRODUCT_DEFINITION_FORMATION('',$,#2712);
#2702=PRODUCT_RELATED_PRODUCT_CATEGORY('Keypad (Assembly)',
'Keypad (Assembly)',(#2709));
#2703=PRODUCT_RELATED_PRODUCT_CATEGORY('Keypad','Keypad',(#2710));
#2704=PRODUCT_RELATED_PRODUCT_CATEGORY('keypad_plate','keypad_plate',(#2711));
#2705=PRODUCT_RELATED_PRODUCT_CATEGORY('External1','External1',(#2712));
#2706=APPLICATION_PROTOCOL_DEFINITION('international standard',
'automotive_design',2009,#2707);
#2707=APPLICATION_CONTEXT(
'Core Data for Automotive Mechanical Design Process');
#2708=PRODUCT_CONTEXT('part definition',#2707,'mechanical');
#2709=PRODUCT('2026-08-22-10-34-33-556','Keypad (Assembly)',$,(#2708));
#2710=PRODUCT('2026-08-22-10-21-43-235','Keypad',$,(#2708));
#2711=PRODUCT('2026-08-22-18-34-50-185','keypad_plate',$,(#2708));
#2712=PRODUCT('2026-08-22-11-50-54-706','External1',$,(#2708));
#2713=PRESENTATION_STYLE_ASSIGNMENT((#2716));
#2714=PRESENTATION_STYLE_ASSIGNMENT((#2717));
#2715=PRESENTATION_STYLE_ASSIGNMENT((NULL_STYLE(.NULL.)));
#2716=SURFACE_STYLE_USAGE(.BOTH.,#2718);
#2717=SURFACE_STYLE_USAGE(.BOTH.,#2719);
#2718=SURFACE_SIDE_STYLE('',(#2720));
#2719=SURFACE_SIDE_STYLE('',(#2721));
#2720=SURFACE_STYLE_FILL_AREA(#2722);
#2721=SURFACE_STYLE_FILL_AREA(#2723);
#2722=FILL_AREA_STYLE(
'EPX 150 - Air Baked (with Carbon M2 M3 L1 3D Printers)',(#2724));
#2723=FILL_AREA_STYLE('Paint - Enamel Glossy (Red)',(#2725));
#2724=FILL_AREA_STYLE_COLOUR(
'EPX 150 - Air Baked (with Carbon M2 M3 L1 3D Printers)',#2726);
#2725=FILL_AREA_STYLE_COLOUR('Paint - Enamel Glossy (Red)',#2727);
#2726=COLOUR_RGB(
'EPX 150 - Air Baked (with Carbon M2 M3 L1 3D Printers)',0.247058823529412,
0.247058823529412,0.247058823529412);
#2727=COLOUR_RGB('Paint - Enamel Glossy (Red)',0.768627450980392,0.207843137254902,
0.152941176470588);
ENDSEC;
END-ISO-10303-21;
